Year,Cause Name,State,Deaths,Age-adjusted Death Rate
2017,Diabetes,Alabama,"1,173",19.8
2017,Diabetes,Alaska,130,19.3
2017,Diabetes,Arizona,"2,054",23.7
2017,Diabetes,Arkansas,"1,180",32.4
2017,Diabetes,California,"9,595",22.1
2017,Diabetes,Colorado,"1,017",17.2
2017,Diabetes,Connecticut,694,14.5
2017,Diabetes,Delaware,244,19.1
2017,Diabetes,District of Columbia,138,20.1
2017,Diabetes,Florida,"6,172",20.2
2017,Diabetes,Georgia,"2,348",21.5
2017,Diabetes,Hawaii,299,15.9
2017,Diabetes,Idaho,394,20.3
2017,Diabetes,Illinois,"2,927",19.2
2017,Diabetes,Indiana,"2,096",26.6
2017,Diabetes,Iowa,918,22.8
2017,Diabetes,Kansas,874,25.2
2017,Diabetes,Kentucky,"1,474",27.7
2017,Diabetes,Louisiana,"1,272",23.9
2017,Diabetes,Maine,395,19.8
2017,Diabetes,Maryland,"1,439",20.3
2017,Diabetes,Massachusetts,"1,321",15.1
2017,Diabetes,Michigan,"2,798",22.1
2017,Diabetes,Minnesota,"1,312",19.3
2017,Diabetes,Mississippi,"1,164",33.3
2017,Diabetes,Missouri,"1,605",21
2017,Diabetes,Montana,292,21.6
2017,Diabetes,Nebraska,575,25
2017,Diabetes,Nevada,609,18.3
2017,Diabetes,New Hampshire,340,19.2
2017,Diabetes,New Jersey,"1,908",16.9
2017,Diabetes,New Mexico,673,26.5
2017,Diabetes,New York,"4,176",16.8
2017,Diabetes,North Carolina,"2,903",23.6
2017,Diabetes,North Dakota,194,21.8
2017,Diabetes,Ohio,"3,740",25.2
2017,Diabetes,Oklahoma,"1,398",30.6
2017,Diabetes,Oregon,"1,243",23.9
2017,Diabetes,Pennsylvania,"3,704",21.1
2017,Diabetes,Rhode Island,275,18.8
2017,Diabetes,South Carolina,"1,535",24.5
2017,Diabetes,South Dakota,263,24.9
2017,Diabetes,Tennessee,"1,915",24
2017,Diabetes,Texas,"5,832",21.2
2017,Diabetes,Utah,596,22.9
2017,Diabetes,Vermont,163,19.2
2017,Diabetes,Virginia,"1,967",20.1
2017,Diabetes,Washington,"1,812",21.6
2017,Diabetes,West Virginia,864,34
2017,Diabetes,Wisconsin,"1,433",19.4
2017,Diabetes,Wyoming,121,18.1
2017,Heart disease,Alabama,"13,110",223.2
2017,Heart disease,Alaska,814,135
2017,Heart disease,Arizona,"12,398",141.9
2017,Heart disease,Arkansas,"8,270",223.8
2017,Heart disease,California,"62,797",142.9
2017,Heart disease,Colorado,"7,060",122.7
2017,Heart disease,Connecticut,"7,138",141.6
2017,Heart disease,Delaware,"1,990",158.4
2017,Heart disease,District of Columbia,"1,284",189.8
2017,Heart disease,Florida,"46,440",145.8
2017,Heart disease,Georgia,"18,389",175.8
2017,Heart disease,Hawaii,"2,575",129.8
2017,Heart disease,Idaho,"3,084",162.5
2017,Heart disease,Illinois,"25,394",163.3
2017,Heart disease,Indiana,"14,445",183.2
2017,Heart disease,Iowa,"7,180",167.4
2017,Heart disease,Kansas,"5,723",158
2017,Heart disease,Kentucky,"10,343",195.9
2017,Heart disease,Louisiana,"11,260",214.4
2017,Heart disease,Maine,"2,844",143.5
2017,Heart disease,Maryland,"11,653",164.5
2017,Heart disease,Massachusetts,"12,140",134.7
2017,Heart disease,Michigan,"25,187",196.1
2017,Heart disease,Minnesota,"8,230",119.1
2017,Heart disease,Mississippi,"7,944",231.6
2017,Heart disease,Missouri,"14,820",191.1
2017,Heart disease,Montana,"2,164",155
2017,Heart disease,Nebraska,"3,581",149.3
2017,Heart disease,Nevada,"6,417",199.3
2017,Heart disease,New Hampshire,"2,721",149.7
2017,Heart disease,New Jersey,"18,840",162.3
2017,Heart disease,New Mexico,"3,896",151.4
2017,Heart disease,New York,"44,092",171.2
2017,Heart disease,North Carolina,"18,808",156.5
2017,Heart disease,North Dakota,"1,326",137.8
2017,Heart disease,Ohio,"28,008",186.2
2017,Heart disease,Oklahoma,"10,772",237.2
2017,Heart disease,Oregon,"6,942",134
2017,Heart disease,Pennsylvania,"32,312",176
2017,Heart disease,Rhode Island,"2,339",155.7
2017,Heart disease,South Carolina,"10,418",172
2017,Heart disease,South Dakota,"1,710",150.1
2017,Heart disease,Tennessee,"16,019",202.2
2017,Heart disease,Texas,"45,346",169.2
2017,Heart disease,Utah,"3,749",150.2
2017,Heart disease,Vermont,"1,332",152.5
2017,Heart disease,Virginia,"14,861",154.5
2017,Heart disease,Washington,"11,582",138.8
2017,Heart disease,West Virginia,"4,849",192
2017,Heart disease,Wisconsin,"11,860",157.6
2017,Heart disease,Wyoming,"1,001",148.9
2016,Diabetes,Alabama,"1,183",20.1
2016,Diabetes,Alaska,124,19.3
2016,Diabetes,Arizona,"2,025",23.9
2016,Diabetes,Arkansas,920,25.4
2016,Diabetes,California,"9,124",21.4
2016,Diabetes,Colorado,938,16.2
2016,Diabetes,Connecticut,699,14.9
2016,Diabetes,Delaware,203,17
2016,Diabetes,District of Columbia,127,19.8
2016,Diabetes,Florida,"5,782",19.5
2016,Diabetes,Georgia,"2,238",21.2
2016,Diabetes,Hawaii,285,15.1
2016,Diabetes,Idaho,375,19.8
2016,Diabetes,Illinois,"2,781",18.7
2016,Diabetes,Indiana,"1,992",26
2016,Diabetes,Iowa,847,20.9
2016,Diabetes,Kansas,727,21.2
2016,Diabetes,Kentucky,"1,479",28.4
2016,Diabetes,Louisiana,"1,324",25.5
2016,Diabetes,Maine,463,23.9
2016,Diabetes,Maryland,"1,358",19.6
2016,Diabetes,Massachusetts,"1,268",14.9
2016,Diabetes,Michigan,"2,672",21.5
2016,Diabetes,Minnesota,"1,265",19.2
2016,Diabetes,Mississippi,"1,084",31.9
2016,Diabetes,Missouri,"1,508",20.1
2016,Diabetes,Montana,311,23.6
2016,Diabetes,Nebraska,501,21.9
2016,Diabetes,Nevada,580,17.9
2016,Diabetes,New Hampshire,316,17.9
2016,Diabetes,New Jersey,"1,949",17.8
2016,Diabetes,New Mexico,678,27.2
2016,Diabetes,New York,"4,038",16.9
2016,Diabetes,North Carolina,"2,811",23.5
2016,Diabetes,North Dakota,171,19.4
2016,Diabetes,Ohio,"3,568",24.6
2016,Diabetes,Oklahoma,"1,393",30.8
2016,Diabetes,Oregon,"1,240",24
2016,Diabetes,Pennsylvania,"3,560",20.3
2016,Diabetes,Rhode Island,239,16.9
2016,Diabetes,South Carolina,"1,369",22.3
2016,Diabetes,South Dakota,253,23.7
2016,Diabetes,Tennessee,"1,883",24
2016,Diabetes,Texas,"5,470",20.3
2016,Diabetes,United States,"80,058",21
2016,Diabetes,Utah,624,24.6
2016,Diabetes,Vermont,166,20.5
2016,Diabetes,Virginia,"2,062",21.7
2016,Diabetes,Washington,"1,673",20.3
2016,Diabetes,West Virginia,860,34.8
2016,Diabetes,Wisconsin,"1,440",19.9
2016,Diabetes,Wyoming,112,16.6
2016,Heart disease,Alabama,"12,832",222.5
2016,Heart disease,Alaska,831,141
2016,Heart disease,Arizona,"11,957",138.9
2016,Heart disease,Arkansas,"8,090",223.7
2016,Heart disease,California,"61,573",143.1
2016,Heart disease,Colorado,"7,277",129.8
2016,Heart disease,Connecticut,"7,051",144.3
2016,Heart disease,Delaware,"1,974",163.2
2016,Heart disease,District of Columbia,"1,375",211.7
2016,Heart disease,Florida,"45,659",146.2
2016,Heart disease,Georgia,"18,143",179
2016,Heart disease,Hawaii,"2,488",127
2016,Heart disease,Idaho,"2,969",160
2016,Heart disease,Illinois,"25,013",165.7
2016,Heart disease,Indiana,"13,952",180.6
2016,Heart disease,Iowa,"6,937",162.8
2016,Heart disease,Kansas,"5,672",159.2
2016,Heart disease,Kentucky,"10,519",203
2016,Heart disease,Louisiana,"10,943",213.1
2016,Heart disease,Maine,"2,907",149.5
2016,Heart disease,Maryland,"11,390",164.3
2016,Heart disease,Massachusetts,"11,921",134.8
2016,Heart disease,Michigan,"25,304",200.6
2016,Heart disease,Minnesota,"7,825",114.9
2016,Heart disease,Mississippi,"7,865",233.1
2016,Heart disease,Missouri,"14,579",192.1
2016,Heart disease,Montana,"2,138",154.4
2016,Heart disease,Nebraska,"3,322",140.3
2016,Heart disease,Nevada,"6,457",205.9
2016,Heart disease,New Hampshire,"2,631",151.1
2016,Heart disease,New Jersey,"18,597",164.7
2016,Heart disease,New Mexico,"3,800",150.6
2016,Heart disease,New York,"44,076",177.8
2016,Heart disease,North Carolina,"18,266",155.8
2016,Heart disease,North Dakota,"1,338",140.9
2016,Heart disease,Ohio,"27,410",185.1
2016,Heart disease,Oklahoma,"10,209",228.2
2016,Heart disease,Oregon,"6,968",135
2016,Heart disease,Pennsylvania,"31,990",176.2
2016,Heart disease,Rhode Island,"2,256",152.4
2016,Heart disease,South Carolina,"10,195",173.8
2016,Heart disease,South Dakota,"1,729",153.4
2016,Heart disease,Tennessee,"15,429",198.8
2016,Heart disease,Texas,"43,772",167.7
2016,Heart disease,United States,"6,35,260",165.5
2016,Heart disease,Utah,"3,636",150
2016,Heart disease,Vermont,"1,366",158.8
2016,Heart disease,Virginia,"14,124",150.7
2016,Heart disease,Washington,"11,161",136.1
2016,Heart disease,West Virginia,"4,767",191
2016,Heart disease,Wisconsin,"11,526",154.9
2016,Heart disease,Wyoming,"1,051",157.8
2015,Diabetes,Alabama,"1,255",21.7
2015,Diabetes,Alaska,142,23.9
2015,Diabetes,Arizona,"2,081",25.3
2015,Diabetes,Arkansas,886,24.7
2015,Diabetes,California,"8,845",21.2
2015,Diabetes,Colorado,887,15.9
2015,Diabetes,Connecticut,653,13.9
2015,Diabetes,Delaware,215,18.1
2015,Diabetes,District of Columbia,162,25.7
2015,Diabetes,Florida,"5,403",18.6
2015,Diabetes,Georgia,"2,210",21.4
2015,Diabetes,Hawaii,263,14.5
2015,Diabetes,Idaho,403,22.1
2015,Diabetes,Illinois,"2,817",19.2
2015,Diabetes,Indiana,"2,030",26.9
2015,Diabetes,Iowa,"1,077",26.7
2015,Diabetes,Kansas,684,20.2
2015,Diabetes,Kentucky,"1,458",28.2
2015,Diabetes,Louisiana,"1,199",23.5
2015,Diabetes,Maine,407,21.9
2015,Diabetes,Maryland,"1,243",18.3
2015,Diabetes,Massachusetts,"1,398",16.7
2015,Diabetes,Michigan,"2,751",22.5
2015,Diabetes,Minnesota,"1,221",18.6
2015,Diabetes,Mississippi,"1,092",32.4
2015,Diabetes,Missouri,"1,468",19.7
2015,Diabetes,Montana,321,24.5
2015,Diabetes,Nebraska,553,24.8
2015,Diabetes,Nevada,420,13.4
2015,Diabetes,New Hampshire,308,17.9
2015,Diabetes,New Jersey,"1,933",17.9
2015,Diabetes,New Mexico,608,24.9
2015,Diabetes,New York,"4,045",17.1
2015,Diabetes,North Carolina,"2,746",23.6
2015,Diabetes,North Dakota,195,22.6
2015,Diabetes,Ohio,"3,645",25.3
2015,Diabetes,Oklahoma,"1,442",32.4
2015,Diabetes,Oregon,"1,148",22.9
2015,Diabetes,Pennsylvania,"3,777",22.1
2015,Diabetes,Rhode Island,276,20.2
2015,Diabetes,South Carolina,"1,347",23.4
2015,Diabetes,South Dakota,282,26.3
2015,Diabetes,Tennessee,"1,798",23.4
2015,Diabetes,Texas,"5,521",21.2
2015,Diabetes,United States,"79,535",21.3
2015,Diabetes,Utah,604,24.6
2015,Diabetes,Vermont,159,19.8
2015,Diabetes,Virginia,"2,044",21.9
2015,Diabetes,Washington,"1,811",22.4
2015,Diabetes,West Virginia,784,31.7
2015,Diabetes,Wisconsin,"1,382",19.4
2015,Diabetes,Wyoming,136,20.8
2015,Heart disease,Alabama,"12,981",229.7
2015,Heart disease,Alaska,846,154.1
2015,Heart disease,Arizona,"11,458",138.8
2015,Heart disease,Arkansas,"7,938",223.2
2015,Heart disease,California,"61,289",145.6
2015,Heart disease,Colorado,"7,009",128.4
2015,Heart disease,Connecticut,"7,205",147.8
2015,Heart disease,Delaware,"1,940",165.2
2015,Heart disease,District of Columbia,"1,217",187.6
2015,Heart disease,Florida,"45,441",149.8
2015,Heart disease,Georgia,"17,769",180.2
2015,Heart disease,Hawaii,"2,605",135.6
2015,Heart disease,Idaho,"2,825",156.4
2015,Heart disease,Illinois,"25,652",171.5
2015,Heart disease,Indiana,"13,948",182.3
2015,Heart disease,Iowa,"6,813",160.9
2015,Heart disease,Kansas,"5,624",158.5
2015,Heart disease,Kentucky,"10,077",197.8
2015,Heart disease,Louisiana,"10,665",212.1
2015,Heart disease,Maine,"3,009",157.3
2015,Heart disease,Maryland,"11,481",169.3
2015,Heart disease,Massachusetts,"12,130",138.5
2015,Heart disease,Michigan,"24,794",198.9
2015,Heart disease,Minnesota,"7,844",116.6
2015,Heart disease,Mississippi,"7,969",240.5
2015,Heart disease,Missouri,"14,808",197.9
2015,Heart disease,Montana,"2,104",155.8
2015,Heart disease,Nebraska,"3,591",154.5
2015,Heart disease,Nevada,"6,114",200.9
2015,Heart disease,New Hampshire,"2,571",149
2015,Heart disease,New Jersey,"18,647",166.7
2015,Heart disease,New Mexico,"3,508",142.4
2015,Heart disease,New York,"44,450",181.6
2015,Heart disease,North Carolina,"18,474",162.4
2015,Heart disease,North Dakota,"1,323",142.4
2015,Heart disease,Ohio,"28,069",191.7
2015,Heart disease,Oklahoma,"10,310",234
2015,Heart disease,Oregon,"6,859",136.1
2015,Heart disease,Pennsylvania,"32,042",177.8
2015,Heart disease,Rhode Island,"2,371",160.4
2015,Heart disease,South Carolina,"10,092",177.8
2015,Heart disease,South Dakota,"1,711",150.9
2015,Heart disease,Tennessee,"15,730",207.3
2015,Heart disease,Texas,"43,298",171.6
2015,Heart disease,United States,"6,33,842",168.5
2015,Heart disease,Utah,"3,598",152.9
2015,Heart disease,Vermont,"1,311",152.5
2015,Heart disease,Virginia,"14,077",154.2
2015,Heart disease,Washington,"11,025",137.6
2015,Heart disease,West Virginia,"4,727",191.3
2015,Heart disease,Wisconsin,"11,473",156
2015,Heart disease,Wyoming,"1,030",159.4
2014,Diabetes,Alabama,"1,281",22.8
2014,Diabetes,Alaska,113,19.4
2014,Diabetes,Arizona,"1,936",24.3
2014,Diabetes,Arkansas,828,24
2014,Diabetes,California,"8,249",20.4
2014,Diabetes,Colorado,835,15.5
2014,Diabetes,Connecticut,685,14.9
2014,Diabetes,Delaware,226,19.8
2014,Diabetes,District of Columbia,119,18.8
2014,Diabetes,Florida,"5,371",19.2
2014,Diabetes,Georgia,"2,230",22.3
2014,Diabetes,Hawaii,276,15.4
2014,Diabetes,Idaho,409,22.9
2014,Diabetes,Illinois,"2,712",18.7
2014,Diabetes,Indiana,"1,819",24.4
2014,Diabetes,Iowa,"1,019",25.6
2014,Diabetes,Kansas,643,19.2
2014,Diabetes,Kentucky,"1,175",23.4
2014,Diabetes,Louisiana,"1,238",24.8
2014,Diabetes,Maine,414,22.4
2014,Diabetes,Maryland,"1,305",19.8
2014,Diabetes,Massachusetts,"1,202",14.5
2014,Diabetes,Michigan,"2,844",23.7
2014,Diabetes,Minnesota,"1,193",18.7
2014,Diabetes,Mississippi,"1,015",30.4
2014,Diabetes,Missouri,"1,423",19.4
2014,Diabetes,Montana,250,19.2
2014,Diabetes,Nebraska,473,21.5
2014,Diabetes,Nevada,350,11.4
2014,Diabetes,New Hampshire,300,18
2014,Diabetes,New Jersey,"2,062",19.3
2014,Diabetes,New Mexico,671,27.5
2014,Diabetes,New York,"4,064",17.4
2014,Diabetes,North Carolina,"2,687",23.7
2014,Diabetes,North Dakota,176,19.9
2014,Diabetes,Ohio,"3,641",25.7
2014,Diabetes,Oklahoma,"1,261",29.1
2014,Diabetes,Oregon,"1,083",22.4
2014,Diabetes,Pennsylvania,"3,765",22
2014,Diabetes,Rhode Island,252,18.3
2014,Diabetes,South Carolina,"1,239",21.8
2014,Diabetes,South Dakota,224,21.3
2014,Diabetes,Tennessee,"1,727",23.2
2014,Diabetes,Texas,"5,348",21.3
2014,Diabetes,United States,"76,488",20.9
2014,Diabetes,Utah,570,24.3
2014,Diabetes,Vermont,154,18.7
2014,Diabetes,Virginia,"1,683",18.5
2014,Diabetes,Washington,"1,668",21.2
2014,Diabetes,West Virginia,818,33.3
2014,Diabetes,Wisconsin,"1,352",19.1
2014,Diabetes,Wyoming,110,17.6
2014,Heart disease,Alabama,"12,461",224
2014,Heart disease,Alaska,782,146.6
2014,Heart disease,Arizona,"10,805",136.4
2014,Heart disease,Arkansas,"7,581",217.5
2014,Heart disease,California,"58,189",142.2
2014,Heart disease,Colorado,"6,900",130.3
2014,Heart disease,Connecticut,"7,018",145.6
2014,Heart disease,Delaware,"1,921",168.7
2014,Heart disease,District of Columbia,"1,324",207.8
2014,Heart disease,Florida,"44,511",151.3
2014,Heart disease,Georgia,"17,107",179.7
2014,Heart disease,Hawaii,"2,528",136.7
2014,Heart disease,Idaho,"2,676",152.8
2014,Heart disease,Illinois,"25,024",169.7
2014,Heart disease,Indiana,"13,764",182.7
2014,Heart disease,Iowa,"6,615",157.3
2014,Heart disease,Kansas,"5,479",157.4
2014,Heart disease,Kentucky,"10,013",200.5
2014,Heart disease,Louisiana,"10,647",216.3
2014,Heart disease,Maine,"2,776",147.9
2014,Heart disease,Maryland,"11,135",167.8
2014,Heart disease,Massachusetts,"11,817",137.1
2014,Heart disease,Michigan,"24,692",200.9
2014,Heart disease,Minnesota,"7,659",116.5
2014,Heart disease,Mississippi,"7,538",229.9
2014,Heart disease,Missouri,"14,338",194.7
2014,Heart disease,Montana,"1,957",147.8
2014,Heart disease,Nebraska,"3,296",143
2014,Heart disease,Nevada,"5,761",197.2
2014,Heart disease,New Hampshire,"2,464",147.9
2014,Heart disease,New Jersey,"18,319",166.3
2014,Heart disease,New Mexico,"3,424",143.3
2014,Heart disease,New York,"43,116",178.3
2014,Heart disease,North Carolina,"17,592",158.7
2014,Heart disease,North Dakota,"1,381",149.2
2014,Heart disease,Ohio,"27,000",186.4
2014,Heart disease,Oklahoma,"9,868",228.1
2014,Heart disease,Oregon,"6,524",132.1
2014,Heart disease,Pennsylvania,"31,353",175.8
2014,Heart disease,Rhode Island,"2,341",160.8
2014,Heart disease,South Carolina,"9,964",181.1
2014,Heart disease,South Dakota,"1,704",154.6
2014,Heart disease,Tennessee,"15,223",205.6
2014,Heart disease,Texas,"41,479",169.9
2014,Heart disease,United States,"6,14,348",167
2014,Heart disease,Utah,"3,431",151
2014,Heart disease,Vermont,"1,311",156.6
2014,Heart disease,Virginia,"13,874",156.1
2014,Heart disease,Washington,"10,710",137.2
2014,Heart disease,West Virginia,"4,692",192.9
2014,Heart disease,Wisconsin,"11,229",155.1
2014,Heart disease,Wyoming,"1,035",162.2
2013,Diabetes,Alabama,"1,349",24.3
2013,Diabetes,Alaska,112,20.1
2013,Diabetes,Arizona,"1,786",23.5
2013,Diabetes,Arkansas,835,24.2
2013,Diabetes,California,"8,057",20.6
2013,Diabetes,Colorado,788,15
2013,Diabetes,Connecticut,664,14.8
2013,Diabetes,Delaware,218,19.4
2013,Diabetes,District of Columbia,108,17.9
2013,Diabetes,Florida,"5,238",19.2
2013,Diabetes,Georgia,"2,199",23
2013,Diabetes,Hawaii,271,15.5
2013,Diabetes,Idaho,404,23.8
2013,Diabetes,Illinois,"2,798",19.7
2013,Diabetes,Indiana,"1,943",26.3
2013,Diabetes,Iowa,747,19
2013,Diabetes,Kansas,654,19.8
2013,Diabetes,Kentucky,"1,187",24.1
2013,Diabetes,Louisiana,"1,329",26.9
2013,Diabetes,Maine,373,20.4
2013,Diabetes,Maryland,"1,249",19.1
2013,Diabetes,Massachusetts,"1,142",14.1
2013,Diabetes,Michigan,"2,825",23.8
2013,Diabetes,Minnesota,"1,163",18.8
2013,Diabetes,Mississippi,"1,071",32.9
2013,Diabetes,Missouri,"1,477",20.5
2013,Diabetes,Montana,250,19.7
2013,Diabetes,Nebraska,471,21.7
2013,Diabetes,Nevada,424,14.8
2013,Diabetes,New Hampshire,310,18.7
2013,Diabetes,New Jersey,"2,043",19.4
2013,Diabetes,New Mexico,646,27.6
2013,Diabetes,New York,"4,094",17.8
2013,Diabetes,North Carolina,"2,402",21.8
2013,Diabetes,North Dakota,197,22.3
2013,Diabetes,Ohio,"3,563",25.4
2013,Diabetes,Oklahoma,"1,269",29.9
2013,Diabetes,Oregon,"1,109",23.4
2013,Diabetes,Pennsylvania,"3,804",22.6
2013,Diabetes,Rhode Island,258,18.9
2013,Diabetes,South Carolina,"1,240",22.5
2013,Diabetes,South Dakota,237,22.7
2013,Diabetes,Tennessee,"1,827",24.8
2013,Diabetes,Texas,"5,273",21.6
2013,Diabetes,United States,"75,578",21.2
2013,Diabetes,Utah,578,25.3
2013,Diabetes,Vermont,139,17.4
2013,Diabetes,Virginia,"1,626",18.4
2013,Diabetes,Washington,"1,616",21.3
2013,Diabetes,West Virginia,841,34.1
2013,Diabetes,Wisconsin,"1,285",18.5
2013,Diabetes,Wyoming,89,14.2
2013,Heart disease,Alabama,"12,472",228.4
2013,Heart disease,Alaska,706,135
2013,Heart disease,Arizona,"10,755",141.1
2013,Heart disease,Arkansas,"7,377",214.1
2013,Heart disease,California,"60,299",151.8
2013,Heart disease,Colorado,"6,456",125.7
2013,Heart disease,Connecticut,"7,090",148.9
2013,Heart disease,Delaware,"1,861",168
2013,Heart disease,District of Columbia,"1,340",213.5
2013,Heart disease,Florida,"42,656",149.8
2013,Heart disease,Georgia,"16,550",178.7
2013,Heart disease,Hawaii,"2,521",139
2013,Heart disease,Idaho,"2,495",145.4
2013,Heart disease,Illinois,"24,839",170.9
2013,Heart disease,Indiana,"13,773",186.2
2013,Heart disease,Iowa,"6,995",168.9
2013,Heart disease,Kansas,"5,364",156.1
2013,Heart disease,Kentucky,"9,971",203.4
2013,Heart disease,Louisiana,"10,346",214.1
2013,Heart disease,Maine,"2,807",152.3
2013,Heart disease,Maryland,"11,244",172.7
2013,Heart disease,Massachusetts,"12,023",141.5
2013,Heart disease,Michigan,"24,156",199.8
2013,Heart disease,Minnesota,"7,714",119.6
2013,Heart disease,Mississippi,"7,715",240
2013,Heart disease,Missouri,"14,095",194.7
2013,Heart disease,Montana,"2,004",154.3
2013,Heart disease,Nebraska,"3,381",147.9
2013,Heart disease,Nevada,"5,434",195.1
2013,Heart disease,New Hampshire,"2,434",148.9
2013,Heart disease,New Jersey,"18,460",170.1
2013,Heart disease,New Mexico,"3,425",147.1
2013,Heart disease,New York,"44,039",184.8
2013,Heart disease,North Carolina,"17,830",165.3
2013,Heart disease,North Dakota,"1,382",150.7
2013,Heart disease,Ohio,"26,878",187.9
2013,Heart disease,Oklahoma,"9,721",228.5
2013,Heart disease,Oregon,"6,523",135.1
2013,Heart disease,Pennsylvania,"31,629",179
2013,Heart disease,Rhode Island,"2,364",163.4
2013,Heart disease,South Carolina,"9,648",180
2013,Heart disease,South Dakota,"1,630",150.1
2013,Heart disease,Tennessee,"14,803",204.1
2013,Heart disease,Texas,"40,203",170.7
2013,Heart disease,United States,"6,11,105",169.8
2013,Heart disease,Utah,"3,323",149
2013,Heart disease,Vermont,"1,220",149.6
2013,Heart disease,Virginia,"13,663",157.3
2013,Heart disease,Washington,"10,524",138.2
2013,Heart disease,West Virginia,"4,666",193.7
2013,Heart disease,Wisconsin,"11,362",159.3
2013,Heart disease,Wyoming,939,152.4
2012,Diabetes,Alabama,"1,300",23.9
2012,Diabetes,Alaska,107,18.8
2012,Diabetes,Arizona,"1,736",23.4
2012,Diabetes,Arkansas,833,24.6
2012,Diabetes,California,"7,895",20.7
2012,Diabetes,Colorado,797,15.9
2012,Diabetes,Connecticut,631,14.2
2012,Diabetes,Delaware,241,22.3
2012,Diabetes,District of Columbia,145,24.1
2012,Diabetes,Florida,"5,092",19.2
2012,Diabetes,Georgia,"2,088",22.6
2012,Diabetes,Hawaii,277,16.2
2012,Diabetes,Idaho,371,22.9
2012,Diabetes,Illinois,"2,706",19.2
2012,Diabetes,Indiana,"1,860",25.9
2012,Diabetes,Iowa,692,17.6
2012,Diabetes,Kansas,639,19.6
2012,Diabetes,Kentucky,"1,256",25.9
2012,Diabetes,Louisiana,"1,290",26.9
2012,Diabetes,Maine,380,21.3
2012,Diabetes,Maryland,"1,218",19.2
2012,Diabetes,Massachusetts,"1,099",13.6
2012,Diabetes,Michigan,"2,685",23
2012,Diabetes,Minnesota,"1,165",19.1
2012,Diabetes,Mississippi,"1,050",32.6
2012,Diabetes,Missouri,"1,377",19.6
2012,Diabetes,Montana,233,19.1
2012,Diabetes,Nebraska,442,20.7
2012,Diabetes,Nevada,438,15.9
2012,Diabetes,New Hampshire,275,17.5
2012,Diabetes,New Jersey,"1,988",19.3
2012,Diabetes,New Mexico,652,28.3
2012,Diabetes,New York,"4,010",17.7
2012,Diabetes,North Carolina,"2,409",22.6
2012,Diabetes,North Dakota,185,22
2012,Diabetes,Ohio,"3,618",26.1
2012,Diabetes,Oklahoma,"1,201",28.4
2012,Diabetes,Oregon,"1,126",24.3
2012,Diabetes,Pennsylvania,"3,735",22.3
2012,Diabetes,Rhode Island,198,14.7
2012,Diabetes,South Carolina,"1,197",22.3
2012,Diabetes,South Dakota,218,21.5
2012,Diabetes,Tennessee,"1,852",25.8
2012,Diabetes,Texas,"5,136",21.9
2012,Diabetes,United States,"73,932",21.2
2012,Diabetes,Utah,541,24.6
2012,Diabetes,Vermont,168,21.4
2012,Diabetes,Virginia,"1,603",18.6
2012,Diabetes,Washington,"1,650",22.4
2012,Diabetes,West Virginia,741,30.5
2012,Diabetes,Wisconsin,"1,289",19
2012,Diabetes,Wyoming,97,15.9
2012,Heart disease,Alabama,"12,036",225.1
2012,Heart disease,Alaska,708,136.5
2012,Heart disease,Arizona,"10,689",145.5
2012,Heart disease,Arkansas,"7,407",218.6
2012,Heart disease,California,"59,371",153.3
2012,Heart disease,Colorado,"6,311",127.3
2012,Heart disease,Connecticut,"7,282",155.3
2012,Heart disease,Delaware,"1,790",168.8
2012,Heart disease,District of Columbia,"1,298",213
2012,Heart disease,Florida,"42,125",153
2012,Heart disease,Georgia,"15,825",177.6
2012,Heart disease,Hawaii,"2,430",135.2
2012,Heart disease,Idaho,"2,515",150.9
2012,Heart disease,Illinois,"24,667",172.7
2012,Heart disease,Indiana,"13,675",188.4
2012,Heart disease,Iowa,"7,005",170.4
2012,Heart disease,Kansas,"5,366",158.2
2012,Heart disease,Kentucky,"10,024",208.2
2012,Heart disease,Louisiana,"10,074",213.1
2012,Heart disease,Maine,"2,623",145.9
2012,Heart disease,Maryland,"11,023",174.4
2012,Heart disease,Massachusetts,"11,602",139.1
2012,Heart disease,Michigan,"23,520",197.9
2012,Heart disease,Minnesota,"7,496",119.2
2012,Heart disease,Mississippi,"7,269",231.3
2012,Heart disease,Missouri,"13,742",193.4
2012,Heart disease,Montana,"1,903",151.1
2012,Heart disease,Nebraska,"3,307",146.9
2012,Heart disease,Nevada,"5,166",192.5
2012,Heart disease,New Hampshire,"2,324",146.1
2012,Heart disease,New Jersey,"18,340",171.5
2012,Heart disease,New Mexico,"3,352",147.8
2012,Heart disease,New York,"43,795",186.5
2012,Heart disease,North Carolina,"17,348",166.1
2012,Heart disease,North Dakota,"1,368",151.6
2012,Heart disease,Ohio,"26,426",187.7
2012,Heart disease,Oklahoma,"9,198",220.4
2012,Heart disease,Oregon,"6,180",130.3
2012,Heart disease,Pennsylvania,"30,952",177.7
2012,Heart disease,Rhode Island,"2,360",165.2
2012,Heart disease,South Carolina,"9,364",180.2
2012,Heart disease,South Dakota,"1,668",155.4
2012,Heart disease,Tennessee,"14,454",203.7
2012,Heart disease,Texas,"39,061",171.3
2012,Heart disease,United States,"5,99,711",170.5
2012,Heart disease,Utah,"3,091",142.4
2012,Heart disease,Vermont,"1,206",150.6
2012,Heart disease,Virginia,"13,386",158.6
2012,Heart disease,Washington,"10,360",139.3
2012,Heart disease,West Virginia,"4,942",208.1
2012,Heart disease,Wisconsin,"11,282",160.7
2012,Heart disease,Wyoming,"1,005",167.2
2011,Diabetes,Alabama,"1,278",23.9
2011,Diabetes,Alaska,107,20.6
2011,Diabetes,Arizona,"1,740",24.3
2011,Diabetes,Arkansas,908,27
2011,Diabetes,California,"7,695",20.7
2011,Diabetes,Colorado,790,16.4
2011,Diabetes,Connecticut,692,15.5
2011,Diabetes,Delaware,224,21.5
2011,Diabetes,District of Columbia,152,26
2011,Diabetes,Florida,"5,093",19.7
2011,Diabetes,Georgia,"2,121",23.6
2011,Diabetes,Hawaii,264,15.6
2011,Diabetes,Idaho,393,24.2
2011,Diabetes,Illinois,"2,693",19.4
2011,Diabetes,Indiana,"1,808",25.4
2011,Diabetes,Iowa,770,19.9
2011,Diabetes,Kansas,711,22.1
2011,Diabetes,Kentucky,"1,268",26.5
2011,Diabetes,Louisiana,"1,265",27.1
2011,Diabetes,Maine,353,20
2011,Diabetes,Maryland,"1,297",21.2
2011,Diabetes,Massachusetts,"1,140",14.6
2011,Diabetes,Michigan,"2,811",24.6
2011,Diabetes,Minnesota,"1,189",20.1
2011,Diabetes,Mississippi,996,32
2011,Diabetes,Missouri,"1,438",20.8
2011,Diabetes,Montana,252,20.9
2011,Diabetes,Nebraska,460,21.7
2011,Diabetes,Nevada,400,15.1
2011,Diabetes,New Hampshire,280,18.3
2011,Diabetes,New Jersey,"2,222",22
2011,Diabetes,New Mexico,612,27.3
2011,Diabetes,New York,"3,988",18
2011,Diabetes,North Carolina,"2,278",22.1
2011,Diabetes,North Dakota,207,24.5
2011,Diabetes,Ohio,"3,668",26.8
2011,Diabetes,Oklahoma,"1,221",29.7
2011,Diabetes,Oregon,"1,113",24.6
2011,Diabetes,Pennsylvania,"3,462",21.1
2011,Diabetes,Rhode Island,180,13.4
2011,Diabetes,South Carolina,"1,090",21
2011,Diabetes,South Dakota,263,26.4
2011,Diabetes,Tennessee,"1,748",25
2011,Diabetes,Texas,"5,091",22.4
2011,Diabetes,United States,"73,831",21.7
2011,Diabetes,Utah,561,26
2011,Diabetes,Vermont,168,21.5
2011,Diabetes,Virginia,"1,643",19.5
2011,Diabetes,Washington,"1,633",22.6
2011,Diabetes,West Virginia,790,33.3
2011,Diabetes,Wisconsin,"1,197",17.9
2011,Diabetes,Wyoming,108,18.4
2011,Heart disease,Alabama,"11,942",228.7
2011,Heart disease,Alaska,739,149.6
2011,Heart disease,Arizona,"10,662",150.3
2011,Heart disease,Arkansas,"7,168",213.8
2011,Heart disease,California,"59,772",159
2011,Heart disease,Colorado,"6,177",129.8
2011,Heart disease,Connecticut,"7,206",155.2
2011,Heart disease,Delaware,"1,809",175.2
2011,Heart disease,District of Columbia,"1,171",194.4
2011,Heart disease,Florida,"40,919",153.1
2011,Heart disease,Georgia,"15,773",182.5
2011,Heart disease,Hawaii,"2,312",132.9
2011,Heart disease,Idaho,"2,522",155.9
2011,Heart disease,Illinois,"24,987",178.1
2011,Heart disease,Indiana,"13,372",187.2
2011,Heart disease,Iowa,"6,736",166
2011,Heart disease,Kansas,"5,327",158.3
2011,Heart disease,Kentucky,"9,905",210
2011,Heart disease,Louisiana,"9,781",212.4
2011,Heart disease,Maine,"2,648",149.5
2011,Heart disease,Maryland,"10,557",171.2
2011,Heart disease,Massachusetts,"11,765",143.8
2011,Heart disease,Michigan,"23,358",200.1
2011,Heart disease,Minnesota,"7,240",117
2011,Heart disease,Mississippi,"7,335",240.1
2011,Heart disease,Missouri,"13,810",197.4
2011,Heart disease,Montana,"1,921",156.9
2011,Heart disease,Nebraska,"3,265",146.9
2011,Heart disease,Nevada,"5,043",196.3
2011,Heart disease,New Hampshire,"2,333",151
2011,Heart disease,New Jersey,"18,330",174.9
2011,Heart disease,New Mexico,"3,333",150.3
2011,Heart disease,New York,"44,501",193.8
2011,Heart disease,North Carolina,"17,003",167.9
2011,Heart disease,North Dakota,"1,290",144.6
2011,Heart disease,Ohio,"26,298",190
2011,Heart disease,Oklahoma,"9,399",228.8
2011,Heart disease,Oregon,"6,255",135.3
2011,Heart disease,Pennsylvania,"31,934",185.9
2011,Heart disease,Rhode Island,"2,390",167.7
2011,Heart disease,South Carolina,"9,295",184.5
2011,Heart disease,South Dakota,"1,625",154
2011,Heart disease,Tennessee,"14,235",205.4
2011,Heart disease,Texas,"38,094",172.5
2011,Heart disease,United States,"5,96,577",173.7
2011,Heart disease,Utah,"3,036",144.4
2011,Heart disease,Vermont,"1,187",151.7
2011,Heart disease,Virginia,"13,272",162.2
2011,Heart disease,Washington,"10,439",143.8
2011,Heart disease,West Virginia,"4,914",210.1
2011,Heart disease,Wisconsin,"11,266",163.8
2011,Heart disease,Wyoming,926,158.9
2010,Diabetes,Alabama,"1,302",25
2010,Diabetes,Alaska,86,19.6
2010,Diabetes,Arizona,"1,389",20.3
2010,Diabetes,Arkansas,850,25.8
2010,Diabetes,California,"7,061",19.7
2010,Diabetes,Colorado,721,15.2
2010,Diabetes,Connecticut,662,15.4
2010,Diabetes,Delaware,196,19.2
2010,Diabetes,District of Columbia,145,24.9
2010,Diabetes,Florida,"5,024",20.1
2010,Diabetes,Georgia,"1,996",23.1
2010,Diabetes,Hawaii,272,16.6
2010,Diabetes,Idaho,353,22.5
2010,Diabetes,Illinois,"2,507",18.5
2010,Diabetes,Indiana,"1,587",22.7
2010,Diabetes,Iowa,733,19.3
2010,Diabetes,Kansas,655,20.6
2010,Diabetes,Kentucky,"1,212",26
2010,Diabetes,Louisiana,"1,205",26.4
2010,Diabetes,Maine,376,21.8
2010,Diabetes,Maryland,"1,191",19.9
2010,Diabetes,Massachusetts,"1,028",13.3
2010,Diabetes,Michigan,"2,697",24
2010,Diabetes,Minnesota,"1,037",17.7
2010,Diabetes,Mississippi,926,30.3
2010,Diabetes,Missouri,"1,425",21.2
2010,Diabetes,Montana,227,19.1
2010,Diabetes,Nebraska,452,21.7
2010,Diabetes,Nevada,350,13.8
2010,Diabetes,New Hampshire,236,16.1
2010,Diabetes,New Jersey,"2,098",21
2010,Diabetes,New Mexico,643,29.8
2010,Diabetes,New York,"3,642",16.7
2010,Diabetes,North Carolina,"2,042",20.5
2010,Diabetes,North Dakota,192,22.2
2010,Diabetes,Ohio,"3,470",25.8
2010,Diabetes,Oklahoma,"1,089",26.9
2010,Diabetes,Oregon,"1,052",23.7
2010,Diabetes,Pennsylvania,"3,242",20
2010,Diabetes,Rhode Island,211,16
2010,Diabetes,South Carolina,"1,128",22.6
2010,Diabetes,South Dakota,240,24.5
2010,Diabetes,Tennessee,"1,687",24.7
2010,Diabetes,Texas,"4,744",21.6
2010,Diabetes,United States,"69,071",20.8
2010,Diabetes,Utah,471,22.7
2010,Diabetes,Vermont,151,20.7
2010,Diabetes,Virginia,"1,530",18.8
2010,Diabetes,Washington,"1,499",21.6
2010,Diabetes,West Virginia,776,32.9
2010,Diabetes,Wisconsin,"1,158",17.7
2010,Diabetes,Wyoming,105,18.5
2010,Heart disease,Alabama,"12,083",236
2010,Heart disease,Alaska,707,151.5
2010,Heart disease,Arizona,"9,954",146.7
2010,Heart disease,Arkansas,"7,274",222.5
2010,Heart disease,California,"58,641",161.9
2010,Heart disease,Colorado,"6,038",132.8
2010,Heart disease,Connecticut,"7,127",155.7
2010,Heart disease,Delaware,"1,776",175.7
2010,Heart disease,District of Columbia,"1,306",222.4
2010,Heart disease,Florida,"41,737",162.3
2010,Heart disease,Georgia,"15,987",192.6
2010,Heart disease,Hawaii,"2,239",134.7
2010,Heart disease,Idaho,"2,495",159.3
2010,Heart disease,Illinois,"24,959",181.7
2010,Heart disease,Indiana,"13,388",191.8
2010,Heart disease,Iowa,"6,880",173.3
2010,Heart disease,Kansas,"5,433",164.9
2010,Heart disease,Kentucky,"9,662",210.1
2010,Heart disease,Louisiana,"10,282",229.4
2010,Heart disease,Maine,"2,628",151.1
2010,Heart disease,Maryland,"10,915",182.2
2010,Heart disease,Massachusetts,"12,043",150
2010,Heart disease,Michigan,"23,326",204.3
2010,Heart disease,Minnesota,"7,185",119.4
2010,Heart disease,Mississippi,"7,542",251.1
2010,Heart disease,Missouri,"13,840",201.8
2010,Heart disease,Montana,"1,849",154.2
2010,Heart disease,Nebraska,"3,355",154.2
2010,Heart disease,Nevada,"4,811",197.3
2010,Heart disease,New Hampshire,"2,290",152.7
2010,Heart disease,New Jersey,"18,730",182
2010,Heart disease,New Mexico,"3,224",151.2
2010,Heart disease,New York,"44,981",200
2010,Heart disease,North Carolina,"17,154",174.9
2010,Heart disease,North Dakota,"1,395",158
2010,Heart disease,Ohio,"26,164",192.4
2010,Heart disease,Oklahoma,"9,426",235.2
2010,Heart disease,Oregon,"6,198",137.9
2010,Heart disease,Pennsylvania,"31,556",187
2010,Heart disease,Rhode Island,"2,322",167.1
2010,Heart disease,South Carolina,"9,295",189.9
2010,Heart disease,South Dakota,"1,616",155.2
2010,Heart disease,Tennessee,"14,582",217.4
2010,Heart disease,Texas,"38,253",181.1
2010,Heart disease,United States,"5,97,689",179.1
2010,Heart disease,Utah,"2,889",143.2
2010,Heart disease,Vermont,"1,172",153.6
2010,Heart disease,Virginia,"13,404",168.5
2010,Heart disease,Washington,"10,602",151.5
2010,Heart disease,West Virginia,"4,897",211.2
2010,Heart disease,Wisconsin,"11,115",165.1
2010,Heart disease,Wyoming,962,169.8
2009,Diabetes,Alabama,"1,259",24.4
2009,Diabetes,Alaska,84,18.1
2009,Diabetes,Arizona,"1,083",16.2
2009,Diabetes,Arkansas,890,27.4
2009,Diabetes,California,"6,979",19.8
2009,Diabetes,Colorado,779,17.2
2009,Diabetes,Connecticut,624,14.5
2009,Diabetes,Delaware,206,20.8
2009,Diabetes,District of Columbia,129,22.5
2009,Diabetes,Florida,"4,901",20
2009,Diabetes,Georgia,"1,582",18.7
2009,Diabetes,Hawaii,308,19.5
2009,Diabetes,Idaho,372,24.3
2009,Diabetes,Illinois,"2,741",20.6
2009,Diabetes,Indiana,"1,646",24.1
2009,Diabetes,Iowa,702,18.7
2009,Diabetes,Kansas,635,20.3
2009,Diabetes,Kentucky,"1,348",29.3
2009,Diabetes,Louisiana,"1,249",27.8
2009,Diabetes,Maine,350,20.7
2009,Diabetes,Maryland,"1,207",20.6
2009,Diabetes,Massachusetts,"1,007",13.3
2009,Diabetes,Michigan,"2,705",24.4
2009,Diabetes,Minnesota,"1,021",17.7
2009,Diabetes,Mississippi,900,29.7
2009,Diabetes,Missouri,"1,335",19.8
2009,Diabetes,Montana,228,19.4
2009,Diabetes,Nebraska,445,21.8
2009,Diabetes,Nevada,377,15.5
2009,Diabetes,New Hampshire,276,18.7
2009,Diabetes,New Jersey,"1,959",19.9
2009,Diabetes,New Mexico,597,28.3
2009,Diabetes,New York,"3,723",17.3
2009,Diabetes,North Carolina,"2,114",21.5
2009,Diabetes,North Dakota,214,25.4
2009,Diabetes,Ohio,"3,401",25.7
2009,Diabetes,Oklahoma,"1,146",28.7
2009,Diabetes,Oregon,"1,073",24.8
2009,Diabetes,Pennsylvania,"3,254",20.3
2009,Diabetes,Rhode Island,213,16.6
2009,Diabetes,South Carolina,"1,128",23.1
2009,Diabetes,South Dakota,202,21.1
2009,Diabetes,Tennessee,"1,759",26.2
2009,Diabetes,Texas,"4,873",22.8
2009,Diabetes,United States,"68,705",21.1
2009,Diabetes,Utah,463,22.6
2009,Diabetes,Vermont,143,19.2
2009,Diabetes,Virginia,"1,560",19.5
2009,Diabetes,Washington,"1,554",22.8
2009,Diabetes,West Virginia,746,32
2009,Diabetes,Wisconsin,"1,110",17.2
2009,Diabetes,Wyoming,105,18.1
2009,Heart disease,Alabama,"12,021",238
2009,Heart disease,Alaska,714,158.9
2009,Heart disease,Arizona,"10,273",155.7
2009,Heart disease,Arkansas,"7,295",226.1
2009,Heart disease,California,"59,206",166.9
2009,Heart disease,Colorado,"6,093",136.5
2009,Heart disease,Connecticut,"7,105",157.7
2009,Heart disease,Delaware,"1,796",182.3
2009,Heart disease,District of Columbia,"1,288",224.1
2009,Heart disease,Florida,"41,274",163.8
2009,Heart disease,Georgia,"16,165",198.5
2009,Heart disease,Hawaii,"2,363",146.6
2009,Heart disease,Idaho,"2,398",155.7
2009,Heart disease,Illinois,"24,931",184
2009,Heart disease,Indiana,"13,509",196.7
2009,Heart disease,Iowa,"6,938",176.1
2009,Heart disease,Kansas,"5,294",163
2009,Heart disease,Kentucky,"9,728",214.3
2009,Heart disease,Louisiana,"10,169",229.9
2009,Heart disease,Maine,"2,674",156.4
2009,Heart disease,Maryland,"11,210",190.8
2009,Heart disease,Massachusetts,"12,322",156.1
2009,Heart disease,Michigan,"23,099",205.5
2009,Heart disease,Minnesota,"7,238",122.1
2009,Heart disease,Mississippi,"7,530",253.8
2009,Heart disease,Missouri,"13,916",206.1
2009,Heart disease,Montana,"1,832",154.3
2009,Heart disease,Nebraska,"3,277",153.2
2009,Heart disease,Nevada,"4,687",194.7
2009,Heart disease,New Hampshire,"2,268",153.4
2009,Heart disease,New Jersey,"18,086",178.6
2009,Heart disease,New Mexico,"3,214",153.6
2009,Heart disease,New York,"47,283",213.2
2009,Heart disease,North Carolina,"17,203",179.7
2009,Heart disease,North Dakota,"1,431",165.8
2009,Heart disease,Ohio,"25,453",190
2009,Heart disease,Oklahoma,"9,202",232.6
2009,Heart disease,Oregon,"6,262",141.2
2009,Heart disease,Pennsylvania,"32,297",193.8
2009,Heart disease,Rhode Island,"2,411",173.8
2009,Heart disease,South Carolina,"9,068",189.5
2009,Heart disease,South Dakota,"1,778",173.3
2009,Heart disease,Tennessee,"14,257",216.5
2009,Heart disease,Texas,"38,077",184.1
2009,Heart disease,United States,"5,99,413",182.8
2009,Heart disease,Utah,"2,813",142.2
2009,Heart disease,Vermont,"1,171",156.1
2009,Heart disease,Virginia,"13,397",172
2009,Heart disease,Washington,"10,561",153.9
2009,Heart disease,West Virginia,"5,038",219.6
2009,Heart disease,Wisconsin,"10,834",163.1
2009,Heart disease,Wyoming,964,172.1
2008,Diabetes,Alabama,"1,386",27.2
2008,Diabetes,Alaska,93,22.3
2008,Diabetes,Arizona,"1,173",18
2008,Diabetes,Arkansas,901,28.1
2008,Diabetes,California,"7,375",21.5
2008,Diabetes,Colorado,767,17.6
2008,Diabetes,Connecticut,624,14.7
2008,Diabetes,Delaware,217,22.5
2008,Diabetes,District of Columbia,156,27.5
2008,Diabetes,Florida,"5,161",21.4
2008,Diabetes,Georgia,"1,496",18
2008,Diabetes,Hawaii,286,18.6
2008,Diabetes,Idaho,356,23.9
2008,Diabetes,Illinois,"2,846",21.6
2008,Diabetes,Indiana,"1,683",24.9
2008,Diabetes,Iowa,764,20.3
2008,Diabetes,Kansas,706,22.7
2008,Diabetes,Kentucky,"1,214",26.7
2008,Diabetes,Louisiana,"1,332",30.3
2008,Diabetes,Maine,344,20.8
2008,Diabetes,Maryland,"1,239",21.6
2008,Diabetes,Massachusetts,"1,079",14.5
2008,Diabetes,Michigan,"2,752",25.2
2008,Diabetes,Minnesota,"1,087",19.1
2008,Diabetes,Mississippi,758,25.3
2008,Diabetes,Missouri,"1,348",20.4
2008,Diabetes,Montana,254,22.3
2008,Diabetes,Nebraska,470,23.2
2008,Diabetes,Nevada,373,15.6
2008,Diabetes,New Hampshire,297,20.6
2008,Diabetes,New Jersey,"2,242",23.1
2008,Diabetes,New Mexico,582,28.3
2008,Diabetes,New York,"3,605",16.9
2008,Diabetes,North Carolina,"2,170",22.7
2008,Diabetes,North Dakota,201,25
2008,Diabetes,Ohio,"3,565",27.2
2008,Diabetes,Oklahoma,"1,103",28.3
2008,Diabetes,Oregon,"1,025",24
2008,Diabetes,Pennsylvania,"3,313",20.8
2008,Diabetes,Rhode Island,195,15.1
2008,Diabetes,South Carolina,"1,133",23.9
2008,Diabetes,South Dakota,216,22.3
2008,Diabetes,Tennessee,"1,733",26.4
2008,Diabetes,Texas,"5,155",24.9
2008,Diabetes,United States,"70,553",22
2008,Diabetes,Utah,468,23.7
2008,Diabetes,Vermont,151,21.1
2008,Diabetes,Virginia,"1,534",19.8
2008,Diabetes,Washington,"1,590",24.1
2008,Diabetes,West Virginia,753,32.7
2008,Diabetes,Wisconsin,"1,152",18.2
2008,Diabetes,Wyoming,130,24.1
2008,Heart disease,Alabama,"12,074",243.3
2008,Heart disease,Alaska,634,150.1
2008,Heart disease,Arizona,"10,385",162.3
2008,Heart disease,Arkansas,"7,516",236.1
2008,Heart disease,California,"60,709",176.2
2008,Heart disease,Colorado,"6,118",142.5
2008,Heart disease,Connecticut,"7,355",165.6
2008,Heart disease,Delaware,"1,777",184.3
2008,Heart disease,District of Columbia,"1,389",244.3
2008,Heart disease,Florida,"42,067",170.8
2008,Heart disease,Georgia,"15,721",199.1
2008,Heart disease,Hawaii,"2,313",147.7
2008,Heart disease,Idaho,"2,330",157.1
2008,Heart disease,Illinois,"26,078",195.1
2008,Heart disease,Indiana,"13,663",201.6
2008,Heart disease,Iowa,"7,284",185.5
2008,Heart disease,Kansas,"5,643",175.4
2008,Heart disease,Kentucky,"10,061",225.5
2008,Heart disease,Louisiana,"10,347",238.5
2008,Heart disease,Maine,"2,785",164.6
2008,Heart disease,Maryland,"11,157",195.1
2008,Heart disease,Massachusetts,"12,776",164.1
2008,Heart disease,Michigan,"24,344",220.6
2008,Heart disease,Minnesota,"7,367",126.6
2008,Heart disease,Mississippi,"7,997",273.2
2008,Heart disease,Missouri,"14,644",219.8
2008,Heart disease,Montana,"1,975",170.6
2008,Heart disease,Nebraska,"3,459",163.2
2008,Heart disease,Nevada,"4,646",202
2008,Heart disease,New Hampshire,"2,409",166
2008,Heart disease,New Jersey,"19,056",191.6
2008,Heart disease,New Mexico,"3,275",161.3
2008,Heart disease,New York,"49,324",225.8
2008,Heart disease,North Carolina,"17,335",186.4
2008,Heart disease,North Dakota,"1,391",160.8
2008,Heart disease,Ohio,"27,324",206.9
2008,Heart disease,Oklahoma,"9,767",252
2008,Heart disease,Oregon,"6,519",150.8
2008,Heart disease,Pennsylvania,"33,308",201.8
2008,Heart disease,Rhode Island,"2,657",193.6
2008,Heart disease,South Carolina,"8,996",193.4
2008,Heart disease,South Dakota,"1,681",167.4
2008,Heart disease,Tennessee,"14,661",228.1
2008,Heart disease,Texas,"38,384",191.7
2008,Heart disease,United States,"6,16,828",192.1
2008,Heart disease,Utah,"2,844",148.7
2008,Heart disease,Vermont,"1,216",166.2
2008,Heart disease,Virginia,"13,675",180.6
2008,Heart disease,Washington,"10,916",164
2008,Heart disease,West Virginia,"5,264",232.5
2008,Heart disease,Wisconsin,"11,275",172.2
2008,Heart disease,Wyoming,937,171.9
2007,Diabetes,Alabama,"1,313",26.4
2007,Diabetes,Alaska,105,24.1
2007,Diabetes,Arizona,"1,159",18.3
2007,Diabetes,Arkansas,838,26.8
2007,Diabetes,California,"7,413",22.2
2007,Diabetes,Colorado,710,16.8
2007,Diabetes,Connecticut,646,15.5
2007,Diabetes,Delaware,223,23.6
2007,Diabetes,District of Columbia,152,26.6
2007,Diabetes,Florida,"5,110",21.7
2007,Diabetes,Georgia,"1,604",20
2007,Diabetes,Hawaii,291,19
2007,Diabetes,Idaho,331,22.9
2007,Diabetes,Illinois,"2,851",22
2007,Diabetes,Indiana,"1,564",23.5
2007,Diabetes,Iowa,767,20.6
2007,Diabetes,Kansas,702,22.8
2007,Diabetes,Kentucky,"1,091",24.4
2007,Diabetes,Louisiana,"1,437",33.5
2007,Diabetes,Maine,355,21.8
2007,Diabetes,Maryland,"1,301",23.4
2007,Diabetes,Massachusetts,"1,222",16.6
2007,Diabetes,Michigan,"2,826",26.3
2007,Diabetes,Minnesota,"1,084",19.6
2007,Diabetes,Mississippi,654,22.1
2007,Diabetes,Missouri,"1,444",22.4
2007,Diabetes,Montana,258,23
2007,Diabetes,Nebraska,472,23.4
2007,Diabetes,Nevada,312,13
2007,Diabetes,New Hampshire,280,20.2
2007,Diabetes,New Jersey,"2,329",24.4
2007,Diabetes,New Mexico,673,33.2
2007,Diabetes,New York,"3,715",17.7
2007,Diabetes,North Carolina,"2,156",23.3
2007,Diabetes,North Dakota,226,28.1
2007,Diabetes,Ohio,"3,722",29
2007,Diabetes,Oklahoma,"1,148",29.8
2007,Diabetes,Oregon,"1,113",27
2007,Diabetes,Pennsylvania,"3,442",21.9
2007,Diabetes,Rhode Island,248,19.1
2007,Diabetes,South Carolina,"1,231",26.7
2007,Diabetes,South Dakota,247,26.1
2007,Diabetes,Tennessee,"1,700",26.7
2007,Diabetes,Texas,"5,109",25.3
2007,Diabetes,United States,"71,382",22.8
2007,Diabetes,Utah,548,28.8
2007,Diabetes,Vermont,170,24.4
2007,Diabetes,Virginia,"1,507",20
2007,Diabetes,Washington,"1,508",23.5
2007,Diabetes,West Virginia,800,35.2
2007,Diabetes,Wisconsin,"1,136",18.3
2007,Diabetes,Wyoming,139,26.3
2007,Heart disease,Alabama,"11,926",245
2007,Heart disease,Alaska,613,154.2
2007,Heart disease,Arizona,"10,302",166
2007,Heart disease,Arkansas,"7,214",230.1
2007,Heart disease,California,"61,690",183.9
2007,Heart disease,Colorado,"6,106",147
2007,Heart disease,Connecticut,"7,289",167.4
2007,Heart disease,Delaware,"1,914",205.1
2007,Heart disease,District of Columbia,"1,434",253.6
2007,Heart disease,Florida,"42,254",175.8
2007,Heart disease,Georgia,"16,184",212
2007,Heart disease,Hawaii,"2,227",146.7
2007,Heart disease,Idaho,"2,433",167.9
2007,Heart disease,Illinois,"25,813",196
2007,Heart disease,Indiana,"13,682",205.9
2007,Heart disease,Iowa,"6,880",177.2
2007,Heart disease,Kansas,"5,749",180.8
2007,Heart disease,Kentucky,"9,916",227
2007,Heart disease,Louisiana,"9,947",234.9
2007,Heart disease,Maine,"2,852",173
2007,Heart disease,Maryland,"11,314",203
2007,Heart disease,Massachusetts,"12,710",166.4
2007,Heart disease,Michigan,"24,149",222.5
2007,Heart disease,Minnesota,"7,477",130.7
2007,Heart disease,Mississippi,"8,037",278.5
2007,Heart disease,Missouri,"14,338",218.9
2007,Heart disease,Montana,"1,870",164.5
2007,Heart disease,Nebraska,"3,520",168.1
2007,Heart disease,Nevada,"4,591",205.6
2007,Heart disease,New Hampshire,"2,511",176.9
2007,Heart disease,New Jersey,"18,831",193
2007,Heart disease,New Mexico,"3,305",167.2
2007,Heart disease,New York,"49,528",230.4
2007,Heart disease,North Carolina,"17,395",193
2007,Heart disease,North Dakota,"1,414",165.9
2007,Heart disease,Ohio,"26,757",205.7
2007,Heart disease,Oklahoma,"9,602",251.1
2007,Heart disease,Oregon,"6,655",157.6
2007,Heart disease,Pennsylvania,"32,862",201.3
2007,Heart disease,Rhode Island,"2,751",203
2007,Heart disease,South Carolina,"8,992",199.9
2007,Heart disease,South Dakota,"1,633",164.9
2007,Heart disease,Tennessee,"14,280",227.2
2007,Heart disease,Texas,"38,912",200.1
2007,Heart disease,United States,"6,16,067",196.1
2007,Heart disease,Utah,"2,980",161
2007,Heart disease,Vermont,"1,166",162.4
2007,Heart disease,Virginia,"13,750",186.7
2007,Heart disease,Washington,"11,037",170.1
2007,Heart disease,West Virginia,"5,208",232.5
2007,Heart disease,Wisconsin,"11,110",172.7
2007,Heart disease,Wyoming,957,180.4
2006,Diabetes,Alabama,"1,453",29.8
2006,Diabetes,Alaska,109,25.9
2006,Diabetes,Arizona,"1,206",19.6
2006,Diabetes,Arkansas,839,27.2
2006,Diabetes,California,"7,376",22.5
2006,Diabetes,Colorado,677,16.7
2006,Diabetes,Connecticut,782,19
2006,Diabetes,Delaware,191,20.6
2006,Diabetes,District of Columbia,184,33
2006,Diabetes,Florida,"5,172",22.3
2006,Diabetes,Georgia,"1,657",21.2
2006,Diabetes,Hawaii,271,18.4
2006,Diabetes,Idaho,320,23.1
2006,Diabetes,Illinois,"2,795",21.9
2006,Diabetes,Indiana,"1,682",25.9
2006,Diabetes,Iowa,804,22
2006,Diabetes,Kansas,749,24.8
2006,Diabetes,Kentucky,"1,141",26.2
2006,Diabetes,Louisiana,"1,536",36.3
2006,Diabetes,Maine,343,21.4
2006,Diabetes,Maryland,"1,237",22.5
2006,Diabetes,Massachusetts,"1,132",15.5
2006,Diabetes,Michigan,"2,830",26.8
2006,Diabetes,Minnesota,"1,158",21.4
2006,Diabetes,Mississippi,707,24.5
2006,Diabetes,Missouri,"1,493",23.5
2006,Diabetes,Montana,249,22.8
2006,Diabetes,Nebraska,437,22.2
2006,Diabetes,Nevada,294,13
2006,Diabetes,New Hampshire,296,21.4
2006,Diabetes,New Jersey,"2,454",26.1
2006,Diabetes,New Mexico,606,30.6
2006,Diabetes,New York,"3,848",18.6
2006,Diabetes,North Carolina,"2,234",24.9
2006,Diabetes,North Dakota,208,26.1
2006,Diabetes,Ohio,"3,761",29.6
2006,Diabetes,Oklahoma,"1,166",30.6
2006,Diabetes,Oregon,"1,139",28.2
2006,Diabetes,Pennsylvania,"3,466",22.3
2006,Diabetes,Rhode Island,206,16.2
2006,Diabetes,South Carolina,"1,136",25.5
2006,Diabetes,South Dakota,262,27.6
2006,Diabetes,Tennessee,"1,715",27.4
2006,Diabetes,Texas,"5,201",26.5
2006,Diabetes,United States,"72,449",23.6
2006,Diabetes,Utah,496,27
2006,Diabetes,Vermont,175,25
2006,Diabetes,Virginia,"1,632",22.1
2006,Diabetes,Washington,"1,543",24.7
2006,Diabetes,West Virginia,743,33
2006,Diabetes,Wisconsin,"1,212",19.7
2006,Diabetes,Wyoming,126,23.9
2006,Heart disease,Alabama,"12,583",263
2006,Heart disease,Alaska,645,170.6
2006,Heart disease,Arizona,"10,607",176.5
2006,Heart disease,Arkansas,"7,431",240.5
2006,Heart disease,California,"64,871",198.8
2006,Heart disease,Colorado,"6,124",152.7
2006,Heart disease,Connecticut,"7,490",174.7
2006,Heart disease,Delaware,"1,866",206
2006,Heart disease,District of Columbia,"1,566",280.9
2006,Heart disease,Florida,"44,305",187.9
2006,Heart disease,Georgia,"16,478",222.2
2006,Heart disease,Hawaii,"2,244",151.4
2006,Heart disease,Idaho,"2,399",171.3
2006,Heart disease,Illinois,"27,007",208.5
2006,Heart disease,Indiana,"14,375",220.8
2006,Heart disease,Iowa,"7,172",187.1
2006,Heart disease,Kansas,"5,849",186.3
2006,Heart disease,Kentucky,"10,353",241.4
2006,Heart disease,Louisiana,"10,026",241.4
2006,Heart disease,Maine,"2,815",174.3
2006,Heart disease,Maryland,"11,268",206.6
2006,Heart disease,Massachusetts,"12,947",171.7
2006,Heart disease,Michigan,"24,255",228.1
2006,Heart disease,Minnesota,"7,525",134.9
2006,Heart disease,Mississippi,"8,097",285.4
2006,Heart disease,Missouri,"14,749",228.8
2006,Heart disease,Montana,"1,869",169.4
2006,Heart disease,Nebraska,"3,445",168
2006,Heart disease,Nevada,"5,013",233.7
2006,Heart disease,New Hampshire,"2,501",181.1
2006,Heart disease,New Jersey,"19,548",203.9
2006,Heart disease,New Mexico,"3,411",179.5
2006,Heart disease,New York,"50,470",238.2
2006,Heart disease,North Carolina,"17,271",197.6
2006,Heart disease,North Dakota,"1,527",182
2006,Heart disease,Ohio,"27,886",218.5
2006,Heart disease,Oklahoma,"9,798",260.1
2006,Heart disease,Oregon,"6,620",160.9
2006,Heart disease,Pennsylvania,"33,744",210.4
2006,Heart disease,Rhode Island,"2,718",201.5
2006,Heart disease,South Carolina,"9,030",206.8
2006,Heart disease,South Dakota,"1,757",180.6
2006,Heart disease,Tennessee,"14,642",238
2006,Heart disease,Texas,"38,782",205.2
2006,Heart disease,United States,"6,31,636",205.5
2006,Heart disease,Utah,"2,932",163.7
2006,Heart disease,Vermont,"1,244",177.2
2006,Heart disease,Virginia,"14,021",195.2
2006,Heart disease,Washington,"10,604",168.4
2006,Heart disease,West Virginia,"5,311",240.5
2006,Heart disease,Wisconsin,"11,451",181.1
2006,Heart disease,Wyoming,994,192.9
2005,Diabetes,Alabama,"1,429",29.9
2005,Diabetes,Alaska,93,22.4
2005,Diabetes,Arizona,"1,208",20.4
2005,Diabetes,Arkansas,824,27.1
2005,Diabetes,California,"7,697",23.8
2005,Diabetes,Colorado,753,19.3
2005,Diabetes,Connecticut,811,20
2005,Diabetes,Delaware,233,26.5
2005,Diabetes,District of Columbia,192,34.4
2005,Diabetes,Florida,"5,193",22.7
2005,Diabetes,Georgia,"1,742",23.2
2005,Diabetes,Hawaii,218,15.1
2005,Diabetes,Idaho,299,22.4
2005,Diabetes,Illinois,"3,034",24
2005,Diabetes,Indiana,"1,719",27
2005,Diabetes,Iowa,727,20.1
2005,Diabetes,Kansas,710,23.8
2005,Diabetes,Kentucky,"1,187",27.8
2005,Diabetes,Louisiana,"1,695",38.7
2005,Diabetes,Maine,385,24.7
2005,Diabetes,Maryland,"1,388",26
2005,Diabetes,Massachusetts,"1,271",17.7
2005,Diabetes,Michigan,"2,842",27.3
2005,Diabetes,Minnesota,"1,258",23.6
2005,Diabetes,Mississippi,677,23.5
2005,Diabetes,Missouri,"1,549",24.8
2005,Diabetes,Montana,285,26.7
2005,Diabetes,Nebraska,449,23.3
2005,Diabetes,Nevada,336,15.3
2005,Diabetes,New Hampshire,310,23.4
2005,Diabetes,New Jersey,"2,540",27.3
2005,Diabetes,New Mexico,595,31.4
2005,Diabetes,New York,"4,051",19.7
2005,Diabetes,North Carolina,"2,261",26.2
2005,Diabetes,North Dakota,204,26.2
2005,Diabetes,Ohio,"3,794",30.5
2005,Diabetes,Oklahoma,"1,217",32.6
2005,Diabetes,Oregon,"1,149",29.3
2005,Diabetes,Pennsylvania,"3,553",23.2
2005,Diabetes,Rhode Island,282,22.3
2005,Diabetes,South Carolina,"1,187",27.6
2005,Diabetes,South Dakota,241,26.2
2005,Diabetes,Tennessee,"1,844",30.3
2005,Diabetes,Texas,"5,605",29.7
2005,Diabetes,United States,"75,119",24.9
2005,Diabetes,Utah,541,31
2005,Diabetes,Vermont,173,25.8
2005,Diabetes,Virginia,"1,642",22.9
2005,Diabetes,Washington,"1,554",25.5
2005,Diabetes,West Virginia,766,34.5
2005,Diabetes,Wisconsin,"1,276",21
2005,Diabetes,Wyoming,130,25.8
2005,Heart disease,Alabama,"12,869",274.5
2005,Heart disease,Alaska,627,166.1
2005,Heart disease,Arizona,"10,966",189.8
2005,Heart disease,Arkansas,"7,575",250.3
2005,Heart disease,California,"64,916",203
2005,Heart disease,Colorado,"6,307",164.8
2005,Heart disease,Connecticut,"7,650",180.7
2005,Heart disease,Delaware,"2,031",232.3
2005,Heart disease,District of Columbia,"1,518",270.3
2005,Heart disease,Florida,"46,279",200
2005,Heart disease,Georgia,"16,781",236
2005,Heart disease,Hawaii,"2,319",160.9
2005,Heart disease,Idaho,"2,450",182.6
2005,Heart disease,Illinois,"28,226",220.7
2005,Heart disease,Indiana,"14,542",227.9
2005,Heart disease,Iowa,"7,437",196.6
2005,Heart disease,Kansas,"5,960",192.6
2005,Heart disease,Kentucky,"10,782",257.3
2005,Heart disease,Louisiana,"11,008",256.9
2005,Heart disease,Maine,"2,941",186.5
2005,Heart disease,Maryland,"11,594",217.9
2005,Heart disease,Massachusetts,"13,280",179
2005,Heart disease,Michigan,"25,128",241.3
2005,Heart disease,Minnesota,"7,926",145.4
2005,Heart disease,Mississippi,"8,637",306.4
2005,Heart disease,Missouri,"14,974",236.8
2005,Heart disease,Montana,"1,855",172.2
2005,Heart disease,Nebraska,"3,640",179.4
2005,Heart disease,Nevada,"5,094",246.7
2005,Heart disease,New Hampshire,"2,530",189.8
2005,Heart disease,New Jersey,"20,655",219.1
2005,Heart disease,New Mexico,"3,435",186.3
2005,Heart disease,New York,"51,985",248.3
2005,Heart disease,North Carolina,"17,765",211.7
2005,Heart disease,North Dakota,"1,512",181.3
2005,Heart disease,Ohio,"29,003",231.9
2005,Heart disease,Oklahoma,"10,043",272.4
2005,Heart disease,Oregon,"6,791",169.7
2005,Heart disease,Pennsylvania,"36,207",229.3
2005,Heart disease,Rhode Island,"3,005",226.9
2005,Heart disease,South Carolina,"9,359",223.9
2005,Heart disease,South Dakota,"1,776",186.3
2005,Heart disease,Tennessee,"14,946",251.2
2005,Heart disease,Texas,"40,152",220.4
2005,Heart disease,United States,"6,52,091",216.8
2005,Heart disease,Utah,"2,872",167.9
2005,Heart disease,Vermont,"1,234",180.5
2005,Heart disease,Virginia,"14,192",203
2005,Heart disease,Washington,"10,985",180.5
2005,Heart disease,West Virginia,"5,538",253.6
2005,Heart disease,Wisconsin,"11,842",190.6
2005,Heart disease,Wyoming,952,188.3
2004,Diabetes,Alabama,"1,449",30.8
2004,Diabetes,Alaska,93,22.6
2004,Diabetes,Arizona,"1,196",21
2004,Diabetes,Arkansas,838,28
2004,Diabetes,California,"7,117",22.6
2004,Diabetes,Colorado,696,18.2
2004,Diabetes,Connecticut,767,19.1
2004,Diabetes,Delaware,210,24.5
2004,Diabetes,District of Columbia,224,40.2
2004,Diabetes,Florida,"4,809",21.6
2004,Diabetes,Georgia,"1,623",22.5
2004,Diabetes,Hawaii,194,13.8
2004,Diabetes,Idaho,344,26.5
2004,Diabetes,Illinois,"3,069",24.5
2004,Diabetes,Indiana,"1,673",26.6
2004,Diabetes,Iowa,700,19.5
2004,Diabetes,Kansas,690,23.5
2004,Diabetes,Kentucky,"1,195",28.6
2004,Diabetes,Louisiana,"1,717",39.9
2004,Diabetes,Maine,382,24.7
2004,Diabetes,Maryland,"1,417",26.9
2004,Diabetes,Massachusetts,"1,329",18.7
2004,Diabetes,Michigan,"2,953",28.9
2004,Diabetes,Minnesota,"1,130",21.6
2004,Diabetes,Mississippi,665,23.6
2004,Diabetes,Missouri,"1,461",23.6
2004,Diabetes,Montana,237,22.7
2004,Diabetes,Nebraska,395,20.5
2004,Diabetes,Nevada,290,13.9
2004,Diabetes,New Hampshire,313,24
2004,Diabetes,New Jersey,"2,595",28.2
2004,Diabetes,New Mexico,590,31.9
2004,Diabetes,New York,"3,913",19.2
2004,Diabetes,North Carolina,"2,253",26.9
2004,Diabetes,North Dakota,209,26.6
2004,Diabetes,Ohio,"3,615",29.3
2004,Diabetes,Oklahoma,"1,139",30.9
2004,Diabetes,Oregon,"1,073",27.9
2004,Diabetes,Pennsylvania,"3,579",23.6
2004,Diabetes,Rhode Island,280,22.4
2004,Diabetes,South Carolina,"1,165",27.8
2004,Diabetes,South Dakota,229,25.4
2004,Diabetes,Tennessee,"1,882",31.6
2004,Diabetes,Texas,"5,435",29.7
2004,Diabetes,United States,"73,138",24.8
2004,Diabetes,Utah,485,28.6
2004,Diabetes,Vermont,150,22.6
2004,Diabetes,Virginia,"1,602",22.9
2004,Diabetes,Washington,"1,508",25.3
2004,Diabetes,West Virginia,840,38.2
2004,Diabetes,Wisconsin,"1,310",21.9
2004,Diabetes,Wyoming,110,22.2
2004,Heart disease,Alabama,"12,774",278.1
2004,Heart disease,Alaska,589,160.1
2004,Heart disease,Arizona,"10,539",190
2004,Heart disease,Arkansas,"7,534",252.1
2004,Heart disease,California,"64,999",209
2004,Heart disease,Colorado,"6,079",163.6
2004,Heart disease,Connecticut,"7,868",189.5
2004,Heart disease,Delaware,"2,015",238.1
2004,Heart disease,District of Columbia,"1,544",276.4
2004,Heart disease,Florida,"47,160",208.7
2004,Heart disease,Georgia,"16,557",240.3
2004,Heart disease,Hawaii,"2,457",176.6
2004,Heart disease,Idaho,"2,450",188.6
2004,Heart disease,Illinois,"28,284",224.3
2004,Heart disease,Indiana,"14,636",233.2
2004,Heart disease,Iowa,"7,299",195
2004,Heart disease,Kansas,"6,048",198.9
2004,Heart disease,Kentucky,"10,465",254.8
2004,Heart disease,Louisiana,"10,852",257.9
2004,Heart disease,Maine,"2,948",189.9
2004,Heart disease,Maryland,"11,346",218.5
2004,Heart disease,Massachusetts,"13,824",188.9
2004,Heart disease,Michigan,"24,825",242.7
2004,Heart disease,Minnesota,"7,891",146.7
2004,Heart disease,Mississippi,"8,282",298.8
2004,Heart disease,Missouri,"15,500",248.5
2004,Heart disease,Montana,"1,838",175.1
2004,Heart disease,Nebraska,"3,738",187.2
2004,Heart disease,Nevada,"4,693",240
2004,Heart disease,New Hampshire,"2,639",203.4
2004,Heart disease,New Jersey,"20,560",221.8
2004,Heart disease,New Mexico,"3,264",183.1
2004,Heart disease,New York,"52,480",254.6
2004,Heart disease,North Carolina,"17,607",215.2
2004,Heart disease,North Dakota,"1,470",178
2004,Heart disease,Ohio,"29,078",235.8
2004,Heart disease,Oklahoma,"10,335",283.2
2004,Heart disease,Oregon,"6,725",172.4
2004,Heart disease,Pennsylvania,"36,434",233.8
2004,Heart disease,Rhode Island,"2,969",225.9
2004,Heart disease,South Carolina,"9,182",225.6
2004,Heart disease,South Dakota,"1,783",189.2
2004,Heart disease,Tennessee,"15,038",258.6
2004,Heart disease,Texas,"40,196",226.9
2004,Heart disease,United States,"6,52,486",221.6
2004,Heart disease,Utah,"2,942",178.1
2004,Heart disease,Vermont,"1,289",192.3
2004,Heart disease,Virginia,"14,284",210.4
2004,Heart disease,Washington,"10,644",179.3
2004,Heart disease,West Virginia,"5,674",263.6
2004,Heart disease,Wisconsin,"11,909",195.4
2004,Heart disease,Wyoming,950,192.5
2003,Diabetes,Alabama,"1,414",30.4
2003,Diabetes,Alaska,102,27.7
2003,Diabetes,Arizona,"1,153",20.9
2003,Diabetes,Arkansas,884,29.9
2003,Diabetes,California,"7,093",22.8
2003,Diabetes,Colorado,708,19.1
2003,Diabetes,Connecticut,665,16.8
2003,Diabetes,Delaware,239,28.4
2003,Diabetes,District of Columbia,179,32.4
2003,Diabetes,Florida,"4,762",21.9
2003,Diabetes,Georgia,"1,717",24.4
2003,Diabetes,Hawaii,202,14.8
2003,Diabetes,Idaho,358,28.3
2003,Diabetes,Illinois,"3,044",24.6
2003,Diabetes,Indiana,"1,731",27.8
2003,Diabetes,Iowa,727,20.2
2003,Diabetes,Kansas,676,23.2
2003,Diabetes,Kentucky,"1,296",31.6
2003,Diabetes,Louisiana,"1,740",40.9
2003,Diabetes,Maine,398,26.2
2003,Diabetes,Maryland,"1,454",28.2
2003,Diabetes,Massachusetts,"1,424",20.2
2003,Diabetes,Michigan,"2,640",26.2
2003,Diabetes,Minnesota,"1,276",24.9
2003,Diabetes,Mississippi,680,24.4
2003,Diabetes,Missouri,"1,666",27.1
2003,Diabetes,Montana,261,25.8
2003,Diabetes,Nebraska,407,21.1
2003,Diabetes,Nevada,301,15
2003,Diabetes,New Hampshire,300,23.6
2003,Diabetes,New Jersey,"2,484",27.2
2003,Diabetes,New Mexico,599,33.2
2003,Diabetes,New York,"4,227",21
2003,Diabetes,North Carolina,"2,388",29.1
2003,Diabetes,North Dakota,211,27
2003,Diabetes,Ohio,"3,731",30.6
2003,Diabetes,Oklahoma,"1,104",30.4
2003,Diabetes,Oregon,"1,032",27.3
2003,Diabetes,Pennsylvania,"3,732",24.8
2003,Diabetes,Rhode Island,252,20.4
2003,Diabetes,South Carolina,"1,161",28.3
2003,Diabetes,South Dakota,203,23
2003,Diabetes,Tennessee,"1,855",31.7
2003,Diabetes,Texas,"5,668",31.6
2003,Diabetes,United States,"74,219",25.5
2003,Diabetes,Utah,520,31.5
2003,Diabetes,Vermont,183,27.7
2003,Diabetes,Virginia,"1,587",23
2003,Diabetes,Washington,"1,509",26.1
2003,Diabetes,West Virginia,807,37.1
2003,Diabetes,Wisconsin,"1,331",22.7
2003,Diabetes,Wyoming,138,27.8
2003,Heart disease,Alabama,"13,150",288.5
2003,Heart disease,Alaska,626,185.5
2003,Heart disease,Arizona,"10,887",202.2
2003,Heart disease,Arkansas,"7,786",262.5
2003,Heart disease,California,"68,864",225.1
2003,Heart disease,Colorado,"6,499",180.3
2003,Heart disease,Connecticut,"8,389",204.1
2003,Heart disease,Delaware,"2,027",247.2
2003,Heart disease,District of Columbia,"1,630",291.9
2003,Heart disease,Florida,"48,141",217.3
2003,Heart disease,Georgia,"17,188",255.2
2003,Heart disease,Hawaii,"2,461",182.2
2003,Heart disease,Idaho,"2,566",202.1
2003,Heart disease,Illinois,"29,816",239.2
2003,Heart disease,Indiana,"15,467",249.4
2003,Heart disease,Iowa,"7,840",210.9
2003,Heart disease,Kansas,"6,491",214.7
2003,Heart disease,Kentucky,"11,319",279.2
2003,Heart disease,Louisiana,"11,540",277.5
2003,Heart disease,Maine,"3,106",203
2003,Heart disease,Maryland,"12,164",239.8
2003,Heart disease,Massachusetts,"14,634",201.5
2003,Heart disease,Michigan,"26,010",258
2003,Heart disease,Minnesota,"8,144",154.1
2003,Heart disease,Mississippi,"8,683",317.1
2003,Heart disease,Missouri,"16,410",264.9
2003,Heart disease,Montana,"1,984",193.3
2003,Heart disease,Nebraska,"3,954",199.6
2003,Heart disease,Nevada,"4,599",244
2003,Heart disease,New Hampshire,"2,725",216.7
2003,Heart disease,New Jersey,"22,043",239.9
2003,Heart disease,New Mexico,"3,402",194.8
2003,Heart disease,New York,"55,276",270.9
2003,Heart disease,North Carolina,"18,674",233.3
2003,Heart disease,North Dakota,"1,632",201.8
2003,Heart disease,Ohio,"30,667",251.2
2003,Heart disease,Oklahoma,"11,061",304.9
2003,Heart disease,Oregon,"7,049",184.4
2003,Heart disease,Pennsylvania,"38,075",246.2
2003,Heart disease,Rhode Island,"3,011",231.9
2003,Heart disease,South Carolina,"9,510",240.1
2003,Heart disease,South Dakota,"1,943",210.2
2003,Heart disease,Tennessee,"15,919",277.6
2003,Heart disease,Texas,"41,779",241.2
2003,Heart disease,United States,"6,85,089",236.3
2003,Heart disease,Utah,"3,018",187.4
2003,Heart disease,Vermont,"1,349",204.1
2003,Heart disease,Virginia,"14,756",222.1
2003,Heart disease,Washington,"11,185",192.8
2003,Heart disease,West Virginia,"6,186",288.1
2003,Heart disease,Wisconsin,"12,479",207.9
2003,Heart disease,Wyoming,975,202.1
2002,Diabetes,Alabama,"1,486",32.3
2002,Diabetes,Alaska,86,22
2002,Diabetes,Arizona,"1,231",23
2002,Diabetes,Arkansas,793,27
2002,Diabetes,California,"6,807",22.5
2002,Diabetes,Colorado,659,18
2002,Diabetes,Connecticut,675,17.3
2002,Diabetes,Delaware,215,26.1
2002,Diabetes,District of Columbia,191,34.1
2002,Diabetes,Florida,"4,583",21.5
2002,Diabetes,Georgia,"1,576",23.1
2002,Diabetes,Hawaii,204,15.5
2002,Diabetes,Idaho,322,26.1
2002,Diabetes,Illinois,"3,011",24.6
2002,Diabetes,Indiana,"1,688",27.6
2002,Diabetes,Iowa,734,20.8
2002,Diabetes,Kansas,765,26.4
2002,Diabetes,Kentucky,"1,265",31.1
2002,Diabetes,Louisiana,"1,774",42.3
2002,Diabetes,Maine,404,27.1
2002,Diabetes,Maryland,"1,519",30.1
2002,Diabetes,Massachusetts,"1,423",20.4
2002,Diabetes,Michigan,"2,785",28
2002,Diabetes,Minnesota,"1,317",26
2002,Diabetes,Mississippi,671,24.4
2002,Diabetes,Missouri,"1,625",26.8
2002,Diabetes,Montana,210,21.1
2002,Diabetes,Nebraska,393,20.8
2002,Diabetes,Nevada,343,17.5
2002,Diabetes,New Hampshire,311,25
2002,Diabetes,New Jersey,"2,532",28.1
2002,Diabetes,New Mexico,582,33
2002,Diabetes,New York,"3,934",19.7
2002,Diabetes,North Carolina,"2,205",27.6
2002,Diabetes,North Dakota,214,27.1
2002,Diabetes,Ohio,"3,846",32
2002,Diabetes,Oklahoma,"1,064",29.5
2002,Diabetes,Oregon,"1,041",28.2
2002,Diabetes,Pennsylvania,"3,708",24.8
2002,Diabetes,Rhode Island,263,21.5
2002,Diabetes,South Carolina,"1,112",27.8
2002,Diabetes,South Dakota,195,22.8
2002,Diabetes,Tennessee,"1,749",30.5
2002,Diabetes,Texas,"5,654",32.3
2002,Diabetes,United States,"73,249",25.6
2002,Diabetes,Utah,514,31.8
2002,Diabetes,Vermont,174,27
2002,Diabetes,Virginia,"1,558",23.2
2002,Diabetes,Washington,"1,494",26.3
2002,Diabetes,West Virginia,846,39.5
2002,Diabetes,Wisconsin,"1,353",23.4
2002,Diabetes,Wyoming,145,30.5
2002,Heart disease,Alabama,"13,197",291.3
2002,Heart disease,Alaska,567,169.3
2002,Heart disease,Arizona,"10,852",207.9
2002,Heart disease,Arkansas,"8,330",282.8
2002,Heart disease,California,"68,797",230.4
2002,Heart disease,Colorado,"6,425",182.7
2002,Heart disease,Connecticut,"8,815",219.3
2002,Heart disease,Delaware,"1,918",239.9
2002,Heart disease,District of Columbia,"1,666",296.6
2002,Heart disease,Florida,"49,235",226.1
2002,Heart disease,Georgia,"17,529",265.8
2002,Heart disease,Hawaii,"2,512",191.8
2002,Heart disease,Idaho,"2,532",205.2
2002,Heart disease,Illinois,"30,821",250.2
2002,Heart disease,Indiana,"15,321",250.9
2002,Heart disease,Iowa,"8,181",221.5
2002,Heart disease,Kansas,"6,680",223.2
2002,Heart disease,Kentucky,"11,696",292.2
2002,Heart disease,Louisiana,"11,185",272.4
2002,Heart disease,Maine,"3,170",210.6
2002,Heart disease,Maryland,"12,008",242.4
2002,Heart disease,Massachusetts,"14,736",205.5
2002,Heart disease,Michigan,"26,659",269.6
2002,Heart disease,Minnesota,"8,602",165.9
2002,Heart disease,Mississippi,"9,061",332.6
2002,Heart disease,Missouri,"16,708",272.7
2002,Heart disease,Montana,"1,944",192.8
2002,Heart disease,Nebraska,"4,242",215.5
2002,Heart disease,Nevada,"4,421",247.5
2002,Heart disease,New Hampshire,"2,776",225
2002,Heart disease,New Jersey,"22,510",248.6
2002,Heart disease,New Mexico,"3,360",196.4
2002,Heart disease,New York,"56,672",281.4
2002,Heart disease,North Carolina,"18,524",237.6
2002,Heart disease,North Dakota,"1,623",203.1
2002,Heart disease,Ohio,"31,388",261.2
2002,Heart disease,Oklahoma,"11,230",311.3
2002,Heart disease,Oregon,"7,262",194.2
2002,Heart disease,Pennsylvania,"38,852",254.7
2002,Heart disease,Rhode Island,"3,109",243.6
2002,Heart disease,South Carolina,"9,659",249.4
2002,Heart disease,South Dakota,"1,937",212.1
2002,Heart disease,Tennessee,"16,226",287.3
2002,Heart disease,Texas,"43,452",256.3
2002,Heart disease,United States,"6,96,947",244.6
2002,Heart disease,Utah,"2,977",188.6
2002,Heart disease,Vermont,"1,370",212
2002,Heart disease,Virginia,"14,952",230
2002,Heart disease,Washington,"11,141",196.4
2002,Heart disease,West Virginia,"6,189",291.2
2002,Heart disease,Wisconsin,"12,923",218.8
2002,Heart disease,Wyoming,"1,005",214.5
2001,Diabetes,Alabama,"1,344",29.6
2001,Diabetes,Alaska,80,22.8
2001,Diabetes,Arizona,"1,058",20.3
2001,Diabetes,Arkansas,756,26
2001,Diabetes,California,"6,395",21.5
2001,Diabetes,Colorado,667,18.8
2001,Diabetes,Connecticut,759,19.7
2001,Diabetes,Delaware,218,27.5
2001,Diabetes,District of Columbia,209,37.4
2001,Diabetes,Florida,"4,631",22.1
2001,Diabetes,Georgia,"1,475",22.1
2001,Diabetes,Hawaii,173,13.5
2001,Diabetes,Idaho,318,26.4
2001,Diabetes,Illinois,"3,092",25.5
2001,Diabetes,Indiana,"1,677",27.7
2001,Diabetes,Iowa,709,20.1
2001,Diabetes,Kansas,721,25.2
2001,Diabetes,Kentucky,"1,099",27.3
2001,Diabetes,Louisiana,"1,734",41.9
2001,Diabetes,Maine,398,27.1
2001,Diabetes,Maryland,"1,458",29.4
2001,Diabetes,Massachusetts,"1,422",20.5
2001,Diabetes,Michigan,"2,655",27.1
2001,Diabetes,Minnesota,"1,213",24.4
2001,Diabetes,Mississippi,661,24.3
2001,Diabetes,Missouri,"1,535",25.6
2001,Diabetes,Montana,229,23.3
2001,Diabetes,Nebraska,400,21.3
2001,Diabetes,Nevada,322,17.5
2001,Diabetes,New Hampshire,291,23.9
2001,Diabetes,New Jersey,"2,556",28.7
2001,Diabetes,New Mexico,538,31.5
2001,Diabetes,New York,"3,844",19.5
2001,Diabetes,North Carolina,"2,181",27.9
2001,Diabetes,North Dakota,196,25.8
2001,Diabetes,Ohio,"3,750",31.5
2001,Diabetes,Oklahoma,"1,065",29.7
2001,Diabetes,Oregon,"1,011",28
2001,Diabetes,Pennsylvania,"3,826",25.9
2001,Diabetes,Rhode Island,265,21.9
2001,Diabetes,South Carolina,"1,088",27.7
2001,Diabetes,South Dakota,212,24.4
2001,Diabetes,Tennessee,"1,746",30.7
2001,Diabetes,Texas,"5,456",31.9
2001,Diabetes,United States,"71,372",25.4
2001,Diabetes,Utah,509,32.2
2001,Diabetes,Vermont,155,24.3
2001,Diabetes,Virginia,"1,613",24.6
2001,Diabetes,Washington,"1,403",25.3
2001,Diabetes,West Virginia,802,37.7
2001,Diabetes,Wisconsin,"1,337",23.5
2001,Diabetes,Wyoming,120,25.7
2001,Heart disease,Alabama,"13,207",292.7
2001,Heart disease,Alaska,603,189.1
2001,Heart disease,Arizona,"10,588",207.3
2001,Heart disease,Arkansas,"8,263",281.8
2001,Heart disease,California,"68,234",233.6
2001,Heart disease,Colorado,"6,293",183.3
2001,Heart disease,Connecticut,"8,582",218
2001,Heart disease,Delaware,"2,033",261.2
2001,Heart disease,District of Columbia,"1,761",312.8
2001,Heart disease,Florida,"50,629",236
2001,Heart disease,Georgia,"17,478",271.4
2001,Heart disease,Hawaii,"2,310",181.7
2001,Heart disease,Idaho,"2,489",207
2001,Heart disease,Illinois,"30,990",253.8
2001,Heart disease,Indiana,"15,682",259.8
2001,Heart disease,Iowa,"8,250",225.1
2001,Heart disease,Kansas,"6,716",225.6
2001,Heart disease,Kentucky,"11,808",297.3
2001,Heart disease,Louisiana,"11,474",282.6
2001,Heart disease,Maine,"3,272",220.7
2001,Heart disease,Maryland,"12,310",253.8
2001,Heart disease,Massachusetts,"15,144",213.5
2001,Heart disease,Michigan,"26,896",276.4
2001,Heart disease,Minnesota,"8,760",172
2001,Heart disease,Mississippi,"9,050",333.5
2001,Heart disease,Missouri,"16,633",273.4
2001,Heart disease,Montana,"1,970",199
2001,Heart disease,Nebraska,"4,150",212
2001,Heart disease,Nevada,"4,393",257.8
2001,Heart disease,New Hampshire,"2,835",234.6
2001,Heart disease,New Jersey,"22,704",254
2001,Heart disease,New Mexico,"3,423",204.8
2001,Heart disease,New York,"56,643",284.9
2001,Heart disease,North Carolina,"18,792",246.1
2001,Heart disease,North Dakota,"1,700",212.3
2001,Heart disease,Ohio,"32,453",273.5
2001,Heart disease,Oklahoma,"10,840",301.6
2001,Heart disease,Oregon,"7,075",193.2
2001,Heart disease,Pennsylvania,"39,438",261.1
2001,Heart disease,Rhode Island,"3,076",244.3
2001,Heart disease,South Carolina,"9,471",248.6
2001,Heart disease,South Dakota,"1,985",219.9
2001,Heart disease,Tennessee,"15,688",280.6
2001,Heart disease,Texas,"43,199",259.1
2001,Heart disease,United States,"7,00,142",249.5
2001,Heart disease,Utah,"2,896",187.7
2001,Heart disease,Vermont,"1,429",224.1
2001,Heart disease,Virginia,"14,913",234.5
2001,Heart disease,Washington,"11,281",203.3
2001,Heart disease,West Virginia,"6,325",298.8
2001,Heart disease,Wisconsin,"13,023",224.3
2001,Heart disease,Wyoming,985,211.9
2000,Diabetes,Alabama,"1,321",29.3
2000,Diabetes,Alaska,87,27.3
2000,Diabetes,Arizona,"1,012",20
2000,Diabetes,Arkansas,714,24.6
2000,Diabetes,California,"6,190",21.3
2000,Diabetes,Colorado,635,18.5
2000,Diabetes,Connecticut,683,18.1
2000,Diabetes,Delaware,193,24.6
2000,Diabetes,District of Columbia,221,39.3
2000,Diabetes,Florida,"4,449",21.6
2000,Diabetes,Georgia,"1,461",22.4
2000,Diabetes,Hawaii,203,16.3
2000,Diabetes,Idaho,304,25.9
2000,Diabetes,Illinois,"2,995",25
2000,Diabetes,Indiana,"1,673",28
2000,Diabetes,Iowa,630,18.1
2000,Diabetes,Kansas,668,23.5
2000,Diabetes,Kentucky,"1,107",27.9
2000,Diabetes,Louisiana,"1,694",41.4
2000,Diabetes,Maine,357,24.8
2000,Diabetes,Maryland,"1,515",31.3
2000,Diabetes,Massachusetts,"1,361",19.8
2000,Diabetes,Michigan,"2,603",27
2000,Diabetes,Minnesota,"1,209",24.6
2000,Diabetes,Mississippi,676,24.9
2000,Diabetes,Missouri,"1,458",24.6
2000,Diabetes,Montana,227,23.6
2000,Diabetes,Nebraska,411,22.2
2000,Diabetes,Nevada,276,15.4
2000,Diabetes,New Hampshire,297,25.1
2000,Diabetes,New Jersey,"2,483",28.2
2000,Diabetes,New Mexico,485,29.1
2000,Diabetes,New York,"3,877",20
2000,Diabetes,North Carolina,"2,084",27.3
2000,Diabetes,North Dakota,203,26.6
2000,Diabetes,Ohio,"3,691",31.4
2000,Diabetes,Oklahoma,978,27.5
2000,Diabetes,Oregon,844,23.8
2000,Diabetes,Pennsylvania,"3,794",25.8
2000,Diabetes,Rhode Island,292,24.1
2000,Diabetes,South Carolina,"1,206",31.5
2000,Diabetes,South Dakota,180,20.7
2000,Diabetes,Tennessee,"1,591",28.5
2000,Diabetes,Texas,"5,196",31.1
2000,Diabetes,United States,"69,301",25.1
2000,Diabetes,Utah,530,34.8
2000,Diabetes,Vermont,163,26.1
2000,Diabetes,Virginia,"1,564",24.4
2000,Diabetes,Washington,"1,331",24.5
2000,Diabetes,West Virginia,759,35.9
2000,Diabetes,Wisconsin,"1,309",23.3
2000,Diabetes,Wyoming,111,24.1
2000,Heart disease,Alabama,"13,406",299.5
2000,Heart disease,Alaska,607,211.7
2000,Heart disease,Arizona,"10,584",214
2000,Heart disease,Arkansas,"8,278",283.8
2000,Heart disease,California,"68,426",239.9
2000,Heart disease,Colorado,"6,184",185.3
2000,Heart disease,Connecticut,"8,993",232.7
2000,Heart disease,Delaware,"1,983",262.5
2000,Heart disease,District of Columbia,"1,756",310.6
2000,Heart disease,Florida,"50,336",238.6
2000,Heart disease,Georgia,"17,406",276
2000,Heart disease,Hawaii,"2,390",195
2000,Heart disease,Idaho,"2,519",215.2
2000,Heart disease,Illinois,"31,844",263.7
2000,Heart disease,Indiana,"16,210",272.3
2000,Heart disease,Iowa,"8,559",236.1
2000,Heart disease,Kansas,"6,931",234.2
2000,Heart disease,Kentucky,"11,936",303.6
2000,Heart disease,Louisiana,"11,629",288.7
2000,Heart disease,Maine,"3,400",233.9
2000,Heart disease,Maryland,"12,348",261.3
2000,Heart disease,Massachusetts,"15,314",217.9
2000,Heart disease,Michigan,"27,325",285.9
2000,Heart disease,Minnesota,"8,885",177.7
2000,Heart disease,Mississippi,"9,256",341.2
2000,Heart disease,Missouri,"17,235",286
2000,Heart disease,Montana,"1,995",205.7
2000,Heart disease,Nebraska,"4,197",217.1
2000,Heart disease,Nevada,"4,089",255.3
2000,Heart disease,New Hampshire,"2,811",237.3
2000,Heart disease,New Jersey,"23,724",269.4
2000,Heart disease,New Mexico,"3,191",196.6
2000,Heart disease,New York,"57,474",293.8
2000,Heart disease,North Carolina,"19,723",264.5
2000,Heart disease,North Dakota,"1,679",212.8
2000,Heart disease,Ohio,"32,722",279.2
2000,Heart disease,Oklahoma,"11,297",315
2000,Heart disease,Oregon,"7,094",198.1
2000,Heart disease,Pennsylvania,"40,708",271.9
2000,Heart disease,Rhode Island,"3,115",249.5
2000,Heart disease,South Carolina,"9,893",265.8
2000,Heart disease,South Dakota,"2,105",234.5
2000,Heart disease,Tennessee,"16,174",293.6
2000,Heart disease,Texas,"43,020",263.5
2000,Heart disease,United States,"7,10,760",257.6
2000,Heart disease,Utah,"2,909",194
2000,Heart disease,Vermont,"1,438",229.4
2000,Heart disease,Virginia,"15,264",245.5
2000,Heart disease,Washington,"11,370",209.7
2000,Heart disease,West Virginia,"6,435",305
2000,Heart disease,Wisconsin,"13,601",237.3
2000,Heart disease,Wyoming,992,217.4
1999,Diabetes,Alabama,"1,341",30
1999,Diabetes,Alaska,67,23.8
1999,Diabetes,Arizona,"1,063",21.5
1999,Diabetes,Arkansas,691,24.2
1999,Diabetes,California,"6,401",22.5
1999,Diabetes,Colorado,639,19.2
1999,Diabetes,Connecticut,691,18.5
1999,Diabetes,Delaware,179,23.5
1999,Diabetes,District of Columbia,221,39.6
1999,Diabetes,Florida,"4,357",21.5
1999,Diabetes,Georgia,"1,448",22.6
1999,Diabetes,Hawaii,211,17.3
1999,Diabetes,Idaho,267,23.1
1999,Diabetes,Illinois,"3,004",25.2
1999,Diabetes,Indiana,"1,591",26.9
1999,Diabetes,Iowa,684,19.7
1999,Diabetes,Kansas,650,23
1999,Diabetes,Kentucky,"1,133",28.8
1999,Diabetes,Louisiana,"1,687",41.8
1999,Diabetes,Maine,348,24.5
1999,Diabetes,Maryland,"1,422",29.8
1999,Diabetes,Massachusetts,"1,354",19.9
1999,Diabetes,Michigan,"2,587",27.1
1999,Diabetes,Minnesota,"1,249",25.7
1999,Diabetes,Mississippi,593,22
1999,Diabetes,Missouri,"1,554",26.3
1999,Diabetes,Montana,244,25.7
1999,Diabetes,Nebraska,372,20.2
1999,Diabetes,Nevada,286,17.2
1999,Diabetes,New Hampshire,294,25.3
1999,Diabetes,New Jersey,"2,436",28
1999,Diabetes,New Mexico,517,31.4
1999,Diabetes,New York,"3,799",19.8
1999,Diabetes,North Carolina,"2,050",27
1999,Diabetes,North Dakota,203,26.7
1999,Diabetes,Ohio,"3,675",31.4
1999,Diabetes,Oklahoma,986,27.9
1999,Diabetes,Oregon,860,24.6
1999,Diabetes,Pennsylvania,"3,742",25.5
1999,Diabetes,Rhode Island,236,20.1
1999,Diabetes,South Carolina,"1,118",29.6
1999,Diabetes,South Dakota,196,23.1
1999,Diabetes,Tennessee,"1,436",26.1
1999,Diabetes,Texas,"4,931",29.9
1999,Diabetes,United States,"68,399",25
1999,Diabetes,Utah,472,31.4
1999,Diabetes,Vermont,179,29.3
1999,Diabetes,Virginia,"1,486",23.6
1999,Diabetes,Washington,"1,307",24.5
1999,Diabetes,West Virginia,734,34.8
1999,Diabetes,Wisconsin,"1,273",22.9
1999,Diabetes,Wyoming,135,29.8
1999,Heart disease,Alabama,"13,419",303
1999,Heart disease,Alaska,563,198
1999,Heart disease,Arizona,"10,800",223.1
1999,Heart disease,Arkansas,"8,315",287.8
1999,Heart disease,California,"71,930",257.3
1999,Heart disease,Colorado,"6,420",196.3
1999,Heart disease,Connecticut,"9,127",238.8
1999,Heart disease,Delaware,"2,011",269.2
1999,Heart disease,District of Columbia,"1,652",296.2
1999,Heart disease,Florida,"51,434",247.7
1999,Heart disease,Georgia,"17,597",282.8
1999,Heart disease,Hawaii,"2,410",201.7
1999,Heart disease,Idaho,"2,532",220.5
1999,Heart disease,Illinois,"33,387",279.1
1999,Heart disease,Indiana,"16,661",282.5
1999,Heart disease,Iowa,"8,699",240.3
1999,Heart disease,Kansas,"6,975",237
1999,Heart disease,Kentucky,"12,098",310.9
1999,Heart disease,Louisiana,"12,007",302.3
1999,Heart disease,Maine,"3,418",238.7
1999,Heart disease,Maryland,"12,080",259.2
1999,Heart disease,Massachusetts,"15,871",228.5
1999,Heart disease,Michigan,"27,693",292.9
1999,Heart disease,Minnesota,"9,533",192.4
1999,Heart disease,Mississippi,"9,336",347.4
1999,Heart disease,Missouri,"17,974",300.5
1999,Heart disease,Montana,"2,049",214.6
1999,Heart disease,Nebraska,"4,497",235
1999,Heart disease,Nevada,"4,231",274.3
1999,Heart disease,New Hampshire,"2,751",236.2
1999,Heart disease,New Jersey,"23,493",270.5
1999,Heart disease,New Mexico,"3,452",218
1999,Heart disease,New York,"58,987",306.1
1999,Heart disease,North Carolina,"19,191",260.9
1999,Heart disease,North Dakota,"1,833",234.2
1999,Heart disease,Ohio,"33,192",285.7
1999,Heart disease,Oklahoma,"11,263",316.1
1999,Heart disease,Oregon,"7,263",205.7
1999,Heart disease,Pennsylvania,"41,707",281.7
1999,Heart disease,Rhode Island,"3,008",244.1
1999,Heart disease,South Carolina,"9,981",273.4
1999,Heart disease,South Dakota,"2,024",228.6
1999,Heart disease,Tennessee,"16,280",299
1999,Heart disease,Texas,"43,418",270.1
1999,Heart disease,United States,"7,25,192",266.5
1999,Heart disease,Utah,"2,786",190.1
1999,Heart disease,Vermont,"1,342",217.4
1999,Heart disease,Virginia,"15,329",250.9
1999,Heart disease,Washington,"11,515",215.7
1999,Heart disease,West Virginia,"6,822",325.5
1999,Heart disease,Wisconsin,"13,827",243.7
1999,Heart disease,Wyoming,"1,009",227.8
